ParentMaterialNumber,SalesWeekNumber,SalesOrderQtyEaches,Base_Sales,Sales_Variance_Pct,CustomerCt,Base_CustomerCt,CustomerCt_Variance_Pct,Sales_Per_Customer,Base_Sales_Per_Customer,OrderSize_Variance_Pct
0003-0293-05,29,2583.0,2440.6666666666665,0.05831739961759089,126.0,123.66666666666667,0.018867924528301848,20.5,19.109540446096897,0.07276258462757029
0003-0293-05,46,1664.0,2440.6666666666665,-0.31821906582900844,98.0,123.66666666666667,-0.2075471698113208,16.979591836734695,19.109540446096897,-0.11145995977089244
0003-0293-05,52,1292.0,2440.6666666666665,-0.470636438131658,59.0,123.66666666666667,-0.522911051212938,21.89830508474576,19.109540446096897,0.14593572495975257
0003-0293-20,34,289.0,395.0,-0.2683544303797468,58.0,70.5,-0.1773049645390071,4.982758620689655,5.609456740442656,-0.11172171366162406
0003-0293-28,34,1102.0,1372.0,-0.1967930029154519,195.0,212.5,-0.08235294117647059,5.651282051282052,6.450081941799176,-0.12384337094085175
0003-0315-20,44,39.0,55.5,-0.2972972972972973,7.0,8.5,-0.17647058823529413,5.571428571428571,6.4326923076923075,-0.13388853299167203
0003-0494-20,35,1556.0,1531.0,0.016329196603527107,215.0,186.0,0.15591397849462366,7.2372093023255815,8.192542213883678,-0.11661006884274824
0054-4179-25,21,2.0,1.5,0.3333333333333333,3.0,1.5,1.0,0.6666666666666666,1.0,-0.33333333333333337
0054-4184-25,20,1400.0,1800.0,-0.2222222222222222,10.0,11.5,-0.13043478260869565,140.0,157.43589743589743,-0.11074918566775241
0054-4184-25,42,1000.0,1800.0,-0.4444444444444444,10.0,11.5,-0.13043478260869565,100.0,157.43589743589743,-0.36482084690553745
0069-0209-10,40,80.0,130.0,-0.38461538461538464,3.0,2.5,0.2,26.666666666666668,36.25,-0.264367816091954
0069-3150-83,19,,,0.0,,,0.0,0.0,0.0,0.0
0093-4145-56,28,60.0,45.0,0.3333333333333333,2.0,1.0,1.0,30.0,45.0,-0.3333333333333333
0093-4148-56,4,30.0,320.0,-0.90625,1.0,8.333333333333334,-0.88,30.0,36.36363636363637,-0.17500000000000007
0143-9128-25,11,25.0,50.0,-0.5,1.0,2.0,-0.5,25.0,12.5,1.0
0143-9161-25,45,,200.0,,,3.0,,0.0,33.333333333333336,-1.0
0143-9252-25,28,100.0,37.5,1.6666666666666667,2.0,1.5,0.3333333333333333,50.0,25.0,1.0
0143-9297-01,38,88.0,6.0,13.666666666666666,4.0,1.0,3.0,22.0,6.0,2.6666666666666665
0143-9316-24,45,,24.0,,,1.0,,0.0,24.0,-1.0
0143-9387-25,38,100.0,175.0,-0.42857142857142855,3.0,3.0,0.0,33.333333333333336,29.166666666666668,0.1428571428571429
0143-9619-01,35,26.0,2.5,9.4,4.0,1.5,1.6666666666666667,6.5,1.75,2.7142857142857144
0143-9660-10,35,10.0,125.0,-0.92,1.0,2.0,-0.5,10.0,108.33333333333333,-0.9076923076923077
0143-9720-24,40,,,0.0,,,0.0,0.0,0.0,0.0
0143-9721-24,39,,24.0,,,1.0,,0.0,12.0,-1.0
0143-9923-90,45,175.0,225.0,-0.2222222222222222,2.0,3.0,-0.3333333333333333,87.5,37.5,1.3333333333333333
0338-0072-25,41,7850.0,10137.5,-0.22564734895191121,198.0,185.0,0.07027027027027027,39.64646464646464,54.70115757146232,-0.27521708119851074
0404-9813-10,12,42.0,15.75,1.6666666666666667,2.0,3.75,-0.4666666666666667,21.0,3.678571428571429,4.708737864077669
0404-9813-10,51,2.0,15.75,-0.873015873015873,1.0,3.75,-0.7333333333333333,2.0,3.678571428571429,-0.4563106796116505
0404-9826-50,12,39.0,20.0,0.95,8.0,4.333333333333333,0.8461538461538463,4.875,3.15625,0.5445544554455446
0404-9826-50,46,5.0,20.0,-0.75,1.0,4.333333333333333,-0.7692307692307692,5.0,3.15625,0.5841584158415841
0404-9857-01,12,42.0,53.0,-0.20754716981132076,19.0,23.0,-0.17391304347826086,2.210526315789474,2.3106060606060606,-0.04331320103537521
0404-9888-20,12,52.0,44.0,0.18181818181818182,15.0,11.5,0.30434782608695654,3.466666666666667,3.840909090909091,-0.09743589743589738
0404-9891-20,25,35.0,13.666666666666666,1.5609756097560978,8.0,6.166666666666667,0.29729729729729726,4.375,2.484126984126984,0.7611821086261981
0404-9891-20,40,12.0,13.666666666666666,-0.12195121951219508,6.0,6.166666666666667,-0.027027027027027074,2.0,2.484126984126984,-0.19488817891373802
0404-9891-20,51,15.0,13.666666666666666,0.09756097560975614,5.0,6.166666666666667,-0.18918918918918923,3.0,2.484126984126984,0.20766773162939295
0404-9895-20,49,181.0,50.5,2.5841584158415842,23.0,12.0,0.9166666666666666,7.869565217391305,4.392857142857142,0.7914457405443622
0404-9896-50,40,2.0,6.0,-0.6666666666666666,2.0,3.0,-0.3333333333333333,1.0,1.6,-0.37500000000000006
0404-9907-10,12,18.0,9.0,1.0,5.0,3.5,0.42857142857142855,3.6,2.5,0.44000000000000006
0404-9931-99,12,25.0,28.5,-0.12280701754385964,5.0,8.0,-0.375,5.0,4.2272727272727275,0.1827956989247311
0404-9958-01,10,43.0,19.5,1.205128205128205,13.0,8.0,0.625,3.3076923076923075,2.4375,0.3570019723865877
0404-9963-02,53,0.0,5.0,-1.0,1.0,1.0,0.0,0.0,5.0,-1.0
0409-0007-10,35,180.0,100.0,0.8,11.0,5.0,1.2,16.363636363636363,20.0,-0.18181818181818182
0409-0186-01,47,,,0.0,,,0.0,0.0,0.0,0.0
0409-1159-10,19,,,0.0,,,0.0,0.0,0.0,0.0
0409-1467-01,47,,,0.0,,,0.0,0.0,0.0,0.0
0409-1630-10,47,30.0,50.0,-0.4,3.0,4.5,-0.3333333333333333,10.0,11.666666666666668,-0.14285714285714293
0409-2016-10,49,10.0,,0.0,1.0,,0.0,10.0,0.0,0.0
0409-3178-03,47,2250.0,1287.5,0.7475728155339806,19.0,28.5,-0.3333333333333333,118.42105263157895,45.138888888888886,1.6234817813765183
0409-3793-25,47,525.0,212.5,1.4705882352941178,12.0,6.5,0.8461538461538461,43.75,32.29166666666667,0.35483870967741915
0409-3796-25,47,1375.0,1075.0,0.27906976744186046,15.0,17.5,-0.14285714285714285,91.66666666666667,61.35620915032679,0.49400798934753687
0409-4011-01,47,10.0,15.0,-0.3333333333333333,2.0,2.0,0.0,5.0,3.75,0.3333333333333333
0409-4276-02,7,3000.0,3562.5,-0.15789473684210525,64.0,65.0,-0.015384615384615385,46.875,54.82022200772201,-0.14493232089798616
0409-5555-01,53,0.0,25.0,-1.0,1.0,1.0,0.0,0.0,12.5,-1.0
0409-6102-26,49,125.0,,0.0,3.0,,0.0,41.666666666666664,0.0,0.0
0409-7248-03,14,60.0,72.0,-0.16666666666666666,5.0,3.5,0.42857142857142855,12.0,19.8,-0.393939393939394
0409-7295-01,19,25.0,,0.0,1.0,,0.0,25.0,0.0,0.0
0409-9158-01,49,,0.0,0.0,,1.0,,0.0,0.0,0.0
0641-0948-35,45,100.0,37.5,1.6666666666666667,1.0,1.5,-0.3333333333333333,100.0,25.0,3.0
0641-1495-35,28,825.0,675.0,0.2222222222222222,26.0,19.0,0.3684210526315789,31.73076923076923,35.83333333333333,-0.11449016100178881
0641-1496-35,39,150.0,162.5,-0.07692307692307693,3.0,5.5,-0.45454545454545453,50.0,29.910714285714285,0.6716417910447762
0641-6007-10,53,60.0,,0.0,1.0,,0.0,60.0,0.0,0.0
0641-6079-01,48,,,0.0,,,0.0,0.0,0.0,0.0
0641-6084-25,28,50.0,112.5,-0.5555555555555556,1.0,1.5,-0.3333333333333333,50.0,62.5,-0.2
0641-6147-10,38,20.0,35.0,-0.42857142857142855,2.0,3.0,-0.3333333333333333,10.0,11.666666666666668,-0.14285714285714293
0641-6196-10,40,,20.0,,,1.0,,0.0,10.0,-1.0
0703-3675-01,28,,1.5,,,1.0,,0.0,1.5,-1.0
0781-3206-85,46,9.0,13.0,-0.3076923076923077,2.0,4.0,-0.5,4.5,3.25,0.38461538461538464
0832-1410-03,23,5.0,9.0,-0.4444444444444444,1.0,1.0,0.0,5.0,9.0,-0.4444444444444444
0904-5853-61,53,1.0,3.0,-0.6666666666666666,1.0,2.0,-0.5,1.0,0.75,0.3333333333333333
23155-833-01,1,1.0,,0.0,1.0,,0.0,1.0,,0.0
25021-052-05,35,,100.0,,,1.0,,0.0,50.0,-1.0
25021-151-20,35,,0.0,0.0,,1.0,,0.0,0.0,0.0
25021-215-99,35,,1.0,,,1.0,,0.0,0.5,-1.0
25021-303-05,47,,10.0,,,1.0,,0.0,5.0,-1.0
25021-481-01,35,,,0.0,,,0.0,0.0,0.0,0.0
25021-651-02,35,20.0,10.0,1.0,1.0,1.0,0.0,20.0,5.0,3.0
42806-312-50,46,6.0,1.0,5.0,4.0,1.0,3.0,1.5,1.0,0.5
43598-0210-40,21,3.0,5.5,-0.45454545454545453,3.0,5.0,-0.4,1.0,1.1,-0.09090909090909098
50242-085-27,6,0.0,1.0,-1.0,1.0,1.0,0.0,0.0,0.5,-1.0
59746-175-06,36,34.0,16.5,1.0606060606060606,18.0,10.0,0.8,1.8888888888888888,1.6458333333333335,0.14767932489451463
61570-131-25,25,26.0,27.0,-0.037037037037037035,12.0,8.5,0.4117647058823529,2.1666666666666665,3.1875,-0.32026143790849676
61703-332-18,49,3.0,2.0,0.5,3.0,2.0,0.5,1.0,1.0,0.0
63323-162-01,52,2850.0,5625.0,-0.49333333333333335,55.0,92.5,-0.40540540540540543,51.81818181818182,60.778985507246375,-0.14743259720905022
63323-162-14,52,400.0,275.0,0.45454545454545453,5.0,5.0,0.0,80.0,55.95238095238095,0.42978723404255326
63323-284-20,30,520.0,555.0,-0.06306306306306306,46.0,44.0,0.045454545454545456,11.304347826086957,12.436502513116265,-0.0910348135125025
63323-284-20,53,100.0,555.0,-0.8198198198198198,6.0,44.0,-0.8636363636363636,16.666666666666668,12.436502513116265,0.3401409800777207
63323-616-09,6,10.0,,0.0,1.0,,0.0,10.0,0.0,0.0
65862-663-30,1,,,0.0,,,0.0,0.0,,0.0
70069-752-01,52,,6.5,,,3.0,,0.0,2.0,-1.0
70069-752-10,52,,,0.0,,,0.0,0.0,0.0,0.0
70069-752-25,52,,,0.0,,,0.0,0.0,0.0,0.0
70069-753-01,42,29.0,6.0,3.8333333333333335,8.0,3.5,1.2857142857142858,3.625,2.1,0.7261904761904762
70069-753-10,52,,,0.0,,,0.0,0.0,0.0,0.0
70121-1049-2,12,884.0,591.0,0.4957698815566836,32.0,26.0,0.23076923076923078,27.625,21.652173913043477,0.2758534136546186
70121-1049-5,13,5200.0,4537.5,0.14600550964187328,72.0,72.0,0.0,72.22222222222223,63.5546875,0.13637915727651448
70121-1168-1,12,14.0,22.0,-0.36363636363636365,4.0,5.5,-0.2727272727272727,3.5,4.03125,-0.13178294573643412
70121-1168-1,19,67.0,22.0,2.0454545454545454,4.0,5.5,-0.2727272727272727,16.75,4.03125,3.1550387596899223
70121-1169-1,4,553.0,597.5,-0.07447698744769875,52.0,48.0,0.08333333333333333,10.634615384615385,12.587290685504971,-0.1551307068119282
70121-1169-1,14,679.0,597.5,0.13640167364016736,61.0,48.0,0.2708333333333333,11.131147540983607,12.587290685504971,-0.11568360347776839
70121-1651-1,34,211.0,136.5,0.5457875457875457,4.0,5.0,-0.2,52.75,26.75,0.9719626168224299
70121-1651-5,24,100.0,237.5,-0.5789473684210527,3.0,2.5,0.2,33.333333333333336,104.16666666666667,-0.68
70121-1652-1,34,10.0,27.0,-0.6296296296296297,1.0,1.5,-0.3333333333333333,10.0,23.5,-0.574468085106383
70121-1653-1,34,31.0,233.0,-0.8669527896995708,9.0,10.5,-0.14285714285714285,3.4444444444444446,27.057692307692307,-0.8726999921029772
70860-126-20,35,10.0,10.0,0.0,1.0,1.0,0.0,10.0,5.0,1.0
81298-5783-3,22,745.0,1067.5,-0.30210772833723654,73.0,86.0,-0.1511627906976744,10.205479452054794,12.495499181669395,-0.18326756669105354
81298-5785-3,14,20.0,8.0,1.5,1.0,1.5,-0.3333333333333333,20.0,4.5,3.4444444444444446
82260-734-05,17,7.0,9.0,-0.2222222222222222,5.0,7.0,-0.2857142857142857,1.4,1.4,0.0
83851-100-30,49,32.0,42.5,-0.24705882352941178,33.0,34.5,-0.043478260869565216,0.9696969696969697,1.2253820033955858,-0.20865740886523707
AAK696,18,4800.0,2925.0,0.6410256410256411,8.0,4.5,0.7777777777777778,600.0,671.875,-0.10697674418604651
ABB0488820,38,4200.0,3212.5,0.30739299610894943,29.0,25.0,0.16,144.82758620689654,129.20692431561997,0.12089647651637637
ACGORB06,16,3168.0,6696.0,-0.5268817204301075,4.0,5.5,-0.2727272727272727,792.0,1225.2,-0.3535749265426053
ACKNP315,40,,100.0,,,1.0,,0.0,50.0,-1.0
ADLA305222CS,13,8.0,32.0,-0.75,1.0,2.0,-0.5,8.0,8.0,0.0
ADZSS035T,42,84.0,78.0,0.07692307692307693,3.0,2.0,0.5,28.0,39.0,-0.28205128205128205
AGIAG5604,39,15.0,4.5,2.3333333333333335,8.0,5.0,0.6,1.875,0.8999999999999999,1.0833333333333335
AKNEZ100BCA,53,200.0,280.0,-0.2857142857142857,1.0,2.0,-0.5,200.0,70.0,1.8571428571428572
AKNEZ100SCA,48,81.0,158.5,-0.4889589905362776,3.0,3.5,-0.14285714285714285,27.0,47.33333333333333,-0.4295774647887323
AKQBWK00160EA,53,2191.0,8.0,272.875,4.0,1.5,1.6666666666666667,547.75,4.5,120.72222222222223
AKQMN2400B20Z,49,1160.0,340.0,2.411764705882353,4.0,2.5,0.6,290.0,140.0,1.0714285714285714
AKQN1500B16Z,49,864.0,1040.0,-0.16923076923076924,5.0,4.0,0.25,172.8,297.6,-0.41935483870967744
AKQN1500B20Z,49,5260.0,5250.0,0.0019047619047619048,16.0,10.0,0.6,328.75,506.42857142857144,-0.3508462623413258
AKQPC1500,51,25680.0,20820.0,0.2334293948126801,42.0,39.0,0.07692307692307693,611.4285714285714,537.6398671096346,0.13724559660284646
AKV8143640,50,,6.5,,,2.0,,0.0,3.25,-1.0
ALA282790,1,31658.0,38837.5,-0.18485999356292243,233.0,251.5,-0.073558648111332,135.87124463519314,155.20926348120707,-0.12459320025286641
ALA282790,8,30302.0,38837.5,-0.21977470228516255,243.0,251.5,-0.033797216699801194,124.69958847736625,155.20926348120707,-0.19657122467780394
ALA41165,13,85517.0,87755.5,-0.025508372694588943,308.0,313.0,-0.01597444089456869,277.6525974025974,280.36384933394584,-0.009670476196519286
ALA48965,10,31209.0,41194.0,-0.24238966839831044,137.0,150.5,-0.08970099667774087,227.8029197080292,273.0983870967742,-0.16585768912906199
ALA48975,11,34412.0,26274.5,0.30971093645930464,139.0,125.5,0.10756972111553785,247.568345323741,209.303131351626,0.18282198515143105
ALA595300,8,98887.0,98637.0,0.002534545860072792,742.0,771.5,-0.03823720025923526,133.27088948787062,127.8263421944884,0.04259331214452111
AMBWS00S5BX,41,4360.0,3420.0,0.27485380116959063,3.0,2.0,0.5,1453.3333333333333,2085.0,-0.3029576338928857
AMD10102,41,17405.0,16614.333333333332,0.04758943081275212,147.0,130.66666666666666,0.12500000000000008,118.40136054421768,125.85387898014545,-0.059215643540899296
AMV10445981,20,,,0.0,,,0.0,0.0,0.0,0.0
AMV10716280,20,,,0.0,,,0.0,0.0,0.0,0.0
AMV11069061,20,,,0.0,,,0.0,0.0,0.0,0.0
AMV11097592,20,,,0.0,,,0.0,0.0,0.0,0.0
AMV11097593,20,,,0.0,,,0.0,0.0,0.0,0.0
AMV11097601,20,,,0.0,,,0.0,0.0,0.0,0.0
AMV11097606,20,,,0.0,,,0.0,0.0,0.0,0.0
AMV11097607,20,,,0.0,,,0.0,0.0,0.0,0.0
AMV11097608,20,,,0.0,,,0.0,0.0,0.0,0.0
AMV11097612,20,,,0.0,,,0.0,0.0,0.0,0.0
AMV11097624,20,,,0.0,,,0.0,0.0,0.0,0.0
AMV11097627,20,,,0.0,,,0.0,0.0,0.0,0.0
AMV11097640,20,,,0.0,,,0.0,0.0,0.0,0.0
AMV11097644,20,,,0.0,,,0.0,0.0,0.0,0.0
AMV11097649,20,,,0.0,,,0.0,0.0,0.0,0.0
AMV11099430,20,,,0.0,,,0.0,0.0,0.0,0.0
AMV11099438,20,,,0.0,,,0.0,0.0,0.0,0.0
APO2701,37,6289.0,6291.0,-0.00031791448100460976,46.0,47.5,-0.031578947368421054,136.7173913043478,132.4095744680851,0.03253402824960382
ARD02936,48,104.0,172.0,-0.3953488372093023,9.0,13.5,-0.3333333333333333,11.555555555555555,11.777777777777779,-0.01886792452830197
ARM040104005A,9,187.0,180.0,0.03888888888888889,4.0,3.5,0.14285714285714285,46.75,53.125,-0.12
ARM498106,53,90.0,44.0,1.0454545454545454,6.0,5.0,0.2,15.0,8.8,0.7045454545454544
ARN0001,37,20.0,32.5,-0.38461538461538464,2.0,4.5,-0.5555555555555556,10.0,6.875,0.45454545454545453
ARN0001,50,90.0,32.5,1.7692307692307692,9.0,4.5,1.0,10.0,6.875,0.45454545454545453
ARNESP1H,32,,80.0,,,3.0,,0.0,13.333333333333334,-1.0
ARW45703XP1A,29,788.0,883.0,-0.10758776896942242,115.0,106.5,0.07981220657276995,6.852173913043479,8.273761061946903,-0.17181873373666293
ARWAI07126,3,266.0,253.5,0.04930966469428008,30.0,25.5,0.17647058823529413,8.866666666666667,9.903076923076924,-0.10465537776396874
ARWAI07134,39,11.0,4.5,1.4444444444444444,1.0,2.0,-0.5,11.0,2.25,3.888888888888889
ARWAK05502,3,1157.0,1030.5,0.1227559437166424,42.0,37.5,0.12,27.547619047619047,27.428981348637016,0.004325268134243939
ASO1C07T6WR,35,139.0,268.5,-0.4823091247672253,81.0,108.0,-0.25,1.7160493827160495,2.4772727272727275,-0.30728281798618196
ASO1C15T6,19,332.0,334.25,-0.006731488406881077,150.0,144.75,0.03626943005181347,2.2133333333333334,2.311071716521057,-0.04229136745909932
ASO1C15T6,45,410.0,334.25,0.22662677636499626,161.0,144.75,0.11226252158894647,2.546583850931677,2.311071716521057,0.10190602599089639
ASO1C16T6,38,260.0,324.5,-0.1987673343605547,128.0,135.75,-0.0570902394106814,2.03125,2.378447839751747,-0.14597664659654086
ASO1C16T6,45,402.0,324.5,0.23882896764252695,146.0,135.75,0.07550644567219153,2.7534246575342465,2.378447839751747,0.15765610307503666
ASOLCB049,7,7850.0,4981.25,0.5759096612296111,54.0,34.0,0.5882352941176471,145.37037037037038,154.18269230769232,-0.057155065885967055
ASOLCB049,41,2100.0,4981.25,-0.5784190715181933,20.0,34.0,-0.4117647058823529,105.0,154.18269230769232,-0.3189897100093546
ASOLCC012,30,45300.0,40725.0,0.11233885819521179,199.0,198.5,0.0025188916876574307,227.63819095477388,205.11548223350252,0.10980501557474637
ASOPCC064B,40,328.0,164.0,1.0,7.0,9.0,-0.2222222222222222,46.857142857142854,13.75,2.4077922077922076
ASOPCC067,40,132.0,93.0,0.41935483870967744,24.0,16.5,0.45454545454545453,5.5,5.632692307692308,-0.02355752816660976
ASOPCC067B,43,96000.0,87500.0,0.09714285714285714,17.0,17.0,0.0,5647.058823529412,5114.583333333334,0.10410926081226773
ASOU504,53,5600.0,6083.333333333333,-0.0794520547945205,11.0,15.333333333333334,-0.28260869565217395,509.09090909090907,407.1969696969697,0.2502325581395348
ATP26109,52,0.0,0.0,0.0,1.0,5.0,-0.8,0.0,0.0,0.0
ATP26110,43,500.0,1250.0,-0.6,2.0,3.5,-0.42857142857142855,250.0,333.3333333333333,-0.24999999999999994
ATPRL1,11,1100.0,3702.625,-0.7029134735491712,8.0,18.5,-0.5675675675675675,137.5,189.69540229885058,-0.2751537552640349
ATPRL1,25,1200.0,3702.625,-0.6759056075081867,10.0,18.5,-0.4594594594594595,120.0,189.69540229885058,-0.3674069136849759
ATPRL1,37,8800.0,3702.625,1.3766922116066305,31.0,18.5,0.6756756756756757,283.8709677419355,189.69540229885058,0.4964567633258634
ATPRL1,41,2450.0,3702.625,-0.3383072819958813,30.0,18.5,0.6216216216216216,81.66666666666667,189.69540229885058,-0.5694852607022752
AUG24240,52,1017.0,1281.5,-0.20639875146312914,18.0,21.0,-0.14285714285714285,56.5,61.09134615384615,-0.07515542614307073
AUG24250,16,3531.0,2699.0,0.3082623193775472,100.0,106.0,-0.05660377358490566,35.31,25.457409879839787,0.3870224884096583
AUG30000,21,3206.0,3349.25,-0.04277076957527805,115.0,115.75,-0.0064794816414686825,27.878260869565217,28.58903260477341,-0.02486169242010375
AUG30000,53,3953.0,3349.25,0.18026423826229754,133.0,115.75,0.1490280777537797,29.721804511278197,28.58903260477341,0.039622603610436645
AUG40034,4,8779.0,9544.5,-0.0802032584210802,218.0,236.5,-0.07822410147991543,40.27064220183486,40.37012987012987,-0.0024643881160417986
AUG40068,46,5083.0,4958.5,0.02510839971765655,172.0,173.0,-0.005780346820809248,29.552325581395348,28.661849710982658,0.031068332274154554
AUG42534,11,20331.0,19121.0,0.06328120914178129,382.0,385.5,-0.009079118028534372,53.22251308900523,49.62285550767574,0.07254031523382799
AUG42568,22,11600.0,14486.5,-0.19925447830738963,299.0,365.5,-0.18194254445964433,38.79598662207358,39.676412196583755,-0.022190150917576767
AUG52500,50,6840.0,5513.0,0.24070379103936151,222.0,160.0,0.3875,30.81081081081081,33.43580433274856,-0.07850846044599892
AUG54200,32,24.0,40.666666666666664,-0.40983606557377045,2.0,3.3333333333333335,-0.4,12.0,12.133333333333333,-0.01098901098901095
AUG54500,39,2155.0,2056.3333333333335,0.047981844707407934,71.0,70.66666666666667,0.004716981132075405,30.35211267605634,28.896645795183804,0.0503680216447515
AUG55000,53,2581.0,3239.5,-0.20327210989350208,49.0,64.5,-0.24031007751937986,52.673469387755105,49.719712015888774,0.05940817539173211
AUG55501,36,1998.0,3834.0,-0.4788732394366197,68.0,82.25,-0.17325227963525835,29.38235294117647,45.93811082609498,-0.3603926584528606
AUG55501,52,3984.0,3834.0,0.03912363067292645,74.0,82.25,-0.10030395136778116,53.83783783783784,45.93811082609498,0.1719645599195048
AUG57501CS,45,128.0,794.0,-0.8387909319899244,11.0,14.5,-0.2413793103448276,11.636363636363637,47.91764069264069,-0.7571590865459538
AUG57501CS,53,301.0,794.0,-0.6209068010075567,12.0,14.5,-0.1724137931034483,25.083333333333332,47.91764069264069,-0.47653237991774305
AUG63000,44,400.0,145.0,1.7586206896551724,24.0,17.5,0.37142857142857144,16.666666666666668,8.575,0.9436345966958215
AUG63500,38,11009.0,13844.25,-0.20479621503512288,281.0,299.0,-0.06020066889632107,39.1779359430605,45.14468862082673,-0.13216953887712876
AUG63500,51,19553.0,13844.25,0.4123553099662315,327.0,299.0,0.09364548494983277,59.79510703363914,45.14468862082673,0.3245214190281001
AZPCMS2216IW,47,100.0,200.0,-0.5,1.0,2.0,-0.5,100.0,50.0,1.0
AZV1099024,40,18.0,36.5,-0.5068493150684932,3.0,3.5,-0.14285714285714285,6.0,9.625,-0.37662337662337664
B-D220145,18,1541.0,486.0,2.1707818930041154,7.0,5.0,0.4,220.14285714285714,94.33333333333334,1.3336698637051991
B-D303134,12,101975.0,68412.0,0.490601064140794,255.0,285.0,-0.10526315789473684,399.9019607843137,239.8115972367595,0.6675672294092655
B-D305060,24,421577.0,453044.5,-0.06945785678890264,350.0,363.5,-0.037138927097661624,1204.5057142857142,1254.2945466752112,-0.039694689354644354
B-D305062,43,116925.0,116886.25,0.0003315188912297212,188.0,181.75,0.0343878954607978,621.9414893617021,638.8150669257118,-0.026413869111155324
B-D305062,53,75646.0,116886.25,-0.3528237923622325,147.0,181.75,-0.19119669876203577,514.5986394557823,638.8150669257118,-0.19444818054733626
B-D305201,1,16514.0,,0.0,57.0,,0.0,289.719298245614,,0.0
B-D305211,15,143133.0,155059.25,-0.07691414733400297,349.0,344.0,0.014534883720930232,410.12320916905446,451.635020281834,-0.09191450894767836
B-D305211,47,181924.0,155059.25,0.17325473972046168,394.0,344.0,0.14534883720930233,461.73604060913704,451.635020281834,0.02236544969652642
B-D305217,1,35346.0,,0.0,176.0,,0.0,200.82954545454547,,0.0
B-D305903,9,3793.0,6761.5,-0.43902980107964207,24.0,24.0,0.0,158.04166666666666,276.542328042328,-0.42850822228387203
B-D305905,3,13766.0,23344.0,-0.41029814941740916,47.0,55.25,-0.1493212669683258,292.8936170212766,395.0418704710145,-0.2585757639511603
B-D305905,52,15282.0,23344.0,-0.3453564084989719,63.0,55.25,0.14027149321266968,242.57142857142858,395.0418704710145,-0.38596020649100576
B-D305918,31,106187.0,109069.5,-0.02642810318191612,185.0,194.25,-0.047619047619047616,573.9837837837838,554.1320268428594,0.035824958636714775
B-D305918,53,91230.0,109069.5,-0.16356084881658026,189.0,194.25,-0.02702702702702703,482.6984126984127,554.1320268428594,-0.1289108203173823
B-D309626,25,27965.0,30391.5,-0.07984140302387181,78.0,101.5,-0.2315270935960591,358.52564102564105,301.8486394557823,0.1877662979433815
B-D309632,1,25935.0,33221.5,-0.21933085501858737,79.0,76.75,0.029315960912052116,328.2911392405063,433.53493549891,-0.24275735965151138
B-D309632,21,60990.0,33221.5,0.8358593079782671,81.0,76.75,0.05537459283387622,752.9629629629629,433.53493549891,0.7367988166777302
B-D309632,27,30655.0,33221.5,-0.07725418780006924,85.0,76.75,0.10749185667752444,360.6470588235294,433.53493549891,-0.16812457476235812
B-D309642,19,681870.0,647589.3333333334,0.05293581117251256,1341.0,1219.6666666666667,0.09948073244055747,508.4787472035794,529.457330857585,-0.039622803257867226
B-D309642,26,782158.0,647589.3333333334,0.2077993872660039,1403.0,1219.6666666666667,0.15031429352282036,557.4896650035638,529.457330857585,0.05294540751862589
B-D309642,44,733740.0,647589.3333333334,0.13303286856691066,1115.0,1219.6666666666667,-0.08581579666575573,658.0627802690583,529.457330857585,0.2429004981443272
B-D367363,40,137387.0,115642.0,0.18803721831168607,281.0,243.5,0.1540041067761807,488.9217081850534,474.91212683420474,0.029499312734415563
B-D367365,6,86578.0,69853.25,0.2394269414808903,161.0,128.75,0.2504854368932039,537.7515527950311,535.100037719768,0.004955176393860937
B-D367365,53,83756.0,69853.25,0.19902796219216715,129.0,128.75,0.001941747572815534,649.2713178294574,535.100037719768,0.2133643656543357
B-D368653,25,43327.0,50659.5,-0.14474086795171687,53.0,56.333333333333336,-0.05917159763313613,817.4905660377359,895.1532478269697,-0.08675909066717231
B-D368653,32,67174.0,50659.5,0.32599018940179036,54.0,56.333333333333336,-0.041420118343195304,1243.962962962963,895.1532478269697,0.3896648043033377
B-D368653,51,49978.0,50659.5,-0.013452560724049782,52.0,56.333333333333336,-0.07692307692307696,961.1153846153846,895.1532478269697,0.07368809413197279
B-D405193CS,35,265.0,60.0,3.4166666666666665,3.0,2.0,0.5,88.33333333333333,15.0,4.888888888888888
B-D581033,32,50.0,100.0,-0.5,1.0,2.0,-0.5,50.0,50.0,0.0
B-D930103CS,8,10331.0,19474.0,-0.46949779192769847,72.0,87.25,-0.17478510028653296,143.48611111111111,226.06451382759636,-0.3652868878813153
B-D930103CS,48,26152.0,19474.0,0.34291876347951117,74.0,87.25,-0.1518624641833811,353.4054054054054,226.06451382759636,0.5632944747574273
B-D930815,46,241187.0,227681.5,0.05931751152377334,2006.0,1990.5,0.007786988193921126,120.23280159521435,114.38047679745574,0.05116541705034045
BAA227,30,3788.0,4394.0,-0.13791533909877104,94.0,98.5,-0.04568527918781726,40.297872340425535,44.3031914893617,-0.09040701164605587
BCZ290974703,17,,12.0,,,1.0,,0.0,6.0,-1.0
BEG08814,3,226.0,172.75,0.30824891461649784,44.0,40.25,0.09316770186335403,5.136363636363637,4.307141910127164,0.1925224994994396
BEG08814,21,161.0,172.75,-0.06801736613603473,49.0,40.25,0.21739130434782608,3.2857142857142856,4.307141910127164,-0.23714742762741292
BEG100418000,45,708.0,714.0,-0.008403361344537815,7.0,8.5,-0.17647058823529413,101.14285714285714,83.25,0.21492921492921488
BEG10601,46,170.0,149.5,0.13712374581939799,12.0,11.0,0.09090909090909091,14.166666666666666,13.666666666666668,0.0365853658536584
BEG10701,21,386.0,438.5,-0.11972633979475485,36.0,42.0,-0.14285714285714285,10.722222222222221,10.42002268859898,0.0290018114791527
BFFPP010CS,44,540.0,651.25,-0.1708253358925144,28.0,33.5,-0.16417910447761194,19.285714285714285,19.566628125451658,-0.014356783291239078
BFFPP010CS,52,450.0,651.25,-0.30902111324376197,23.0,33.5,-0.31343283582089554,19.565217391304348,19.566628125451658,-7.209899111206227e-05
BHD696,11,19356.0,17213.5,0.12446626194556598,74.0,62.0,0.1935483870967742,261.56756756756755,277.844262295082,-0.058582079734394235
BHD697,47,3060.0,3225.5,-0.05130987443807162,13.0,18.5,-0.2972972972972973,235.3846153846154,172.75730994152048,0.36251609534956686
BHL2B0944CS,1,456.0,875.0,-0.47885714285714287,7.0,10.5,-0.3333333333333333,65.14285714285714,82.42727272727272,-0.20969292095353637
BHL2B0944CS,45,936.0,875.0,0.06971428571428571,10.0,10.5,-0.047619047619047616,93.6,82.42727272727272,0.13554648726149773
BHL2C1103,34,627.0,824.0,-0.23907766990291263,9.0,11.5,-0.21739130434782608,69.66666666666667,72.83461538461539,-0.04349509778035944
BHL2C4040,9,7859.0,8529.5,-0.07860953162553491,190.0,220.0,-0.13636363636363635,41.363157894736844,38.90184640267579,0.06326978587555579
BHL2C4040,48,6188.0,8529.5,-0.2745178498153467,180.0,220.0,-0.18181818181818182,34.37777777777778,38.90184640267579,-0.11629444469213748
BHL2C4041,10,5200.0,3615.25,0.43835142797870136,233.0,192.5,0.21038961038961038,22.317596566523605,18.667503075670304,0.1955319614014439
BHL2C7462,34,46908.0,61359.5,-0.23552180183997587,151.0,192.0,-0.21354166666666666,310.64900662251654,320.17336246912237,-0.029747496085107208
BHL2C7564,7,30.0,376.25,-0.920265780730897,4.0,7.75,-0.4838709677419355,7.5,45.24440836940837,-0.8342336595770128
BHL2C7564,51,1143.0,376.25,2.037873754152824,12.0,7.75,0.5483870967741935,95.25,45.24440836940837,1.1052325233719378
BHL2C8419,11,24191.0,33999.5,-0.2884895366108325,57.0,58.0,-0.017241379310344827,424.4035087719298,578.6131221719456,-0.2665159283307605
BHL2C8541,9,177661.0,156019.625,0.13870931301110356,220.0,250.875,-0.12306925759840558,807.55,626.3975997455723,0.2891971494271489
BHL2C8541,33,158146.0,156019.625,0.013628894441965234,250.0,250.875,-0.003487792725460887,632.584,626.3975997455723,0.009876155746670221
BHL2C8541,41,166539.0,156019.625,0.0674234090743392,275.0,250.875,0.09616342800199303,605.5963636363637,626.3975997455723,-0.03320772001306771
BHL2C8541,50,182449.0,156019.625,0.16939776005742868,288.0,250.875,0.14798206278026907,633.5034722222222,626.3975997455723,0.011344028903584765
BHL2C9218,15,4372.0,4393.5,-0.0048935928075566175,41.0,47.5,-0.1368421052631579,106.63414634146342,92.28609625668449,0.15547358341901554
BHL2H5660,50,6250.0,2602.0,1.4019984627209838,37.0,26.0,0.4230769230769231,168.9189189189189,96.8375,0.7443543969941283
BHL2H8603,41,3511.0,4713.0,-0.25503925312964143,42.0,46.5,-0.0967741935483871,83.5952380952381,101.08511131725417,-0.17302125895795234
BHL2N3350,40,130.0,230.0,-0.43478260869565216,1.0,2.0,-0.5,130.0,100.0,0.3
BHL2R8858,51,1434.0,1096.0,0.3083941605839416,13.0,13.5,-0.037037037037037035,110.3076923076923,82.71666666666667,0.33356065655078343
BHL4C8723,52,5617.0,5920.0,-0.05118243243243243,52.0,61.0,-0.14754098360655737,108.01923076923077,96.97795698924732,0.11385343765498881
BHL7N8301,17,117247.0,104873.5,0.11798500097736797,136.0,133.5,0.018726591760299626,862.1102941176471,786.1207448601281,0.09666396638730043
BHLH3842907EN,39,0.0,0.0,0.0,2.0,2.5,-0.2,0.0,0.0,0.0
BHLH93813501,10,215.0,227.5,-0.054945054945054944,4.0,4.0,0.0,53.75,55.83333333333333,-0.037313432835820816
BHLH938331,23,,,0.0,,,0.0,0.0,0.0,0.0
BHLH93862,20,20.0,60.0,-0.6666666666666666,1.0,1.0,0.0,20.0,60.0,-0.6666666666666666
BICGSM609BK,50,180.0,180.0,0.0,2.0,3.0,-0.3333333333333333,90.0,36.0,1.5
BIE112425,50,,25.0,,,1.0,,0.0,12.5,-1.0
BIE1997025,42,,25.0,,,2.0,,0.0,6.25,-1.0
BIETHT70505,17,5.0,0.0,0.0,1.0,1.0,0.0,5.0,0.0,0.0
BIHAM89569,40,,,0.0,,,0.0,0.0,0.0,0.0
BIHKC20059CS,40,1475.0,1278.0,0.1541471048513302,1.0,1.0,0.0,1475.0,1278.0,0.1541471048513302
BMG2112346,51,2150.0,2487.5,-0.135678391959799,3.0,4.5,-0.3333333333333333,716.6666666666666,545.625,0.31347842688048866
BMG2112348,51,280.0,220.0,0.2727272727272727,1.0,2.0,-0.5,280.0,110.0,1.5454545454545454
BMG2112349,10,600.0,240.0,1.5,6.0,2.5,1.4,100.0,86.66666666666667,0.15384615384615377
BMG2112531,1,1360.0,1280.0,0.0625,4.0,4.0,0.0,340.0,320.0,0.0625
BMG2112531,51,360.0,1280.0,-0.71875,2.0,4.0,-0.5,180.0,320.0,-0.4375
BMG331640,45,156.0,102.0,0.5294117647058824,7.0,5.5,0.2727272727272727,22.285714285714285,17.785714285714285,0.2530120481927711
BMG331641,38,290.0,345.0,-0.15942028985507245,20.0,13.5,0.48148148148148145,14.5,26.470588235294116,-0.4522222222222222
BMG332192,51,100.0,100.0,0.0,4.0,4.0,0.0,25.0,25.0,0.0
BMG333196,15,747.0,854.0,-0.1252927400468384,24.0,30.0,-0.2,31.125,28.517176987491226,0.09144744634620285
BMG333196,39,928.0,854.0,0.08665105386416862,37.0,30.0,0.23333333333333334,25.08108108108108,28.517176987491226,-0.12049214786994358
BMG354218,41,1488.0,1568.3333333333333,-0.051222104144527054,17.0,18.0,-0.05555555555555555,87.52941176470588,87.78783068783069,-0.0029436759184052834
BMG3632M3705,48,,30.0,,,2.5,,0.0,12.0,-1.0
BMG363419,52,1507.0,1635.0,-0.0782874617737003,11.0,13.5,-0.18518518518518517,137.0,120.82967032967032,0.13382747487608576
BMG412005,39,4932.0,2817.75,0.7503327122704285,17.0,18.0,-0.05555555555555555,290.11764705882354,158.4767801857585,0.8306634367429867
BMG412005,40,4808.0,2817.75,0.7063259693017478,18.0,18.0,0.0,267.1111111111111,158.4767801857585,0.685490522952428
BMG413500,39,1500.0,1175.0,0.2765957446808511,5.0,6.0,-0.16666666666666666,300.0,141.66666666666666,1.1176470588235297
BMG415019,43,54377.0,50956.0,0.06713635293194128,59.0,65.5,-0.09923664122137404,921.6440677966102,777.607492997199,0.18523043578739035
BMG415030,23,4460.0,3264.5,0.36621228365752795,23.0,17.5,0.3142857142857143,193.91304347826087,181.98809523809524,0.06552597973270839
BMG415072,41,2300.0,2750.0,-0.16363636363636364,9.0,15.0,-0.4,255.55555555555554,184.82142857142856,0.3827160493827161
BMG4630M4705,53,120.0,156.0,-0.23076923076923078,4.0,4.5,-0.1111111111111111,30.0,32.1,-0.06542056074766359
BMGS97005MGP,26,4750.0,4750.0,0.0,14.0,8.0,0.75,339.2857142857143,670.4545454545455,-0.4939467312348669
BMGS97005MGP,40,4500.0,4750.0,-0.05263157894736842,12.0,8.0,0.5,375.0,670.4545454545455,-0.44067796610169496
BMGS97006MGP,53,2500.0,3125.0,-0.2,4.0,6.0,-0.3333333333333333,625.0,609.375,0.02564102564102564
BND366316054,52,4.0,,0.0,2.0,,0.0,2.0,0.0,0.0
BOPD1000CS,33,18805.0,17807.5,0.05601572371191914,93.0,81.5,0.1411042944785276,202.20430107526883,217.6944032474185,-0.07115526141728387
BOPMC33150,51,10687.0,17971.5,-0.4053362268035501,32.0,33.0,-0.030303030303030304,333.96875,556.8741935483871,-0.40027971511489824
BRD010114,37,15066.0,5751.166666666667,1.6196423913988462,51.0,49.5,0.030303030303030304,295.4117647058824,104.78326973698962,1.8192646158816979
BRD010114,44,3251.0,5751.166666666667,-0.4347233894572116,43.0,49.5,-0.13131313131313133,75.6046511627907,104.78326973698962,-0.27846638731009704
BRD010114,48,553.0,5751.166666666667,-0.9038455965456285,33.0,49.5,-0.3333333333333333,16.757575757575758,104.78326973698962,-0.8400739373791448
BRD0170SI16,44,302.0,242.0,0.24793388429752067,22.0,19.0,0.15789473684210525,13.727272727272727,12.388405797101449,0.10807419066660996
BRD0172L20,24,50.0,24.0,1.0833333333333333,6.0,2.5,1.4,8.333333333333334,10.0,-0.1666666666666666
BRD086024,44,58.0,63.0,-0.07936507936507936,7.0,11.5,-0.391304347826087,8.285714285714286,5.434615384615384,0.5246183399049644
BRD086032,44,36.0,42.5,-0.15294117647058825,5.0,5.75,-0.13043478260869565,7.2,7.025,0.024911032028469723
BRD086032,51,49.0,42.5,0.15294117647058825,9.0,5.75,0.5652173913043478,5.444444444444445,7.025,-0.22499011466983
BRD120614,48,1132.0,1923.25,-0.4114129728324451,10.0,10.25,-0.024390243902439025,113.2,170.146645021645,-0.33469155394983313
BRD129416,34,0.0,0.0,0.0,1.0,1.0,0.0,0.0,0.0,0.0
BRD1758SI20,13,38.0,65.25,-0.41762452107279696,8.0,7.75,0.03225806451612903,4.75,8.39107142857143,-0.4339221110874655
BRD1758SI20,51,168.0,65.25,1.5747126436781609,15.0,7.75,0.9354838709677419,11.2,8.39107142857143,0.33475207490955505
BRD1865SI24,22,,,0.0,,,0.0,0.0,0.0,0.0
BRD33616,48,95.0,360.0,-0.7361111111111112,12.0,30.0,-0.6,7.916666666666667,11.828054298642535,-0.330687324662076
BRD33618,24,250.0,216.5,0.15473441108545036,28.0,22.0,0.2727272727272727,8.928571428571429,9.892721861471863,-0.09746058227467291
BRD33618,48,116.0,216.5,-0.46420323325635104,12.0,22.0,-0.45454545454545453,9.666666666666666,9.892721861471863,-0.022850657076045954
BRD70522SI,48,,16.0,,,1.3333333333333333,,0.0,9.0,-1.0
BRD70522SI,52,12.0,16.0,-0.25,1.0,1.3333333333333333,-0.24999999999999994,12.0,9.0,0.3333333333333333
BRD73018SI,50,24.0,147.0,-0.8367346938775511,3.0,3.0,0.0,8.0,24.5,-0.673469387755102
BRD902600H,5,209.0,228.5,-0.08533916849015317,116.0,117.5,-0.01276595744680851,1.8017241379310345,1.9445168767202665,-0.07343353019906644
BRDA344916,44,62.0,82.25,-0.24620060790273557,4.0,5.75,-0.30434782608695654,15.5,14.21517857142857,0.09038376986370213
BRDFOL0101,50,7315.0,6751.0,0.08354317878832765,780.0,750.5,0.03930712858094604,9.378205128205128,8.862115141632199,0.058235531622519314
BRDFOL0105,52,8058.0,11083.0,-0.2729405395650997,388.0,463.0,-0.16198704103671707,20.7680412371134,23.954855275443514,-0.13303415953412018
BRUBR0231811,40,,,0.0,,,0.0,0.0,0.0,0.0
BRUBR1824215,40,,,0.0,,,0.0,0.0,0.0,0.0
BRUBR3268081,40,,,0.0,,,0.0,0.0,0.0,0.0
BRUBR4617117,40,,10.0,,,1.0,,0.0,10.0,-1.0
BXC13601,53,100.0,250.0,-0.6,1.0,2.5,-0.6,100.0,81.25,0.23076923076923078
BXT001901A,33,7225.0,8223.5,-0.12142031981516387,208.0,241.0,-0.13692946058091288,34.73557692307692,34.102994571606615,0.01854917315668749
BXT001901A,48,6567.0,8223.5,-0.201434912142032,202.0,241.0,-0.16182572614107885,32.50990099009901,34.102994571606615,-0.04671418453187617
BXT001902A,30,16130.0,20084.5,-0.19689312654036695,286.0,289.5,-0.012089810017271158,56.3986013986014,69.4135588768981,-0.18749877817643884
BXT002620,53,11481.0,12643.5,-0.09194447739945427,327.0,332.0,-0.015060240963855422,35.11009174311926,38.23552486840789,-0.08174160381072786
BXT2187G,26,600.0,425.0,0.4117647058823529,1.0,1.5,-0.3333333333333333,600.0,212.5,1.8235294117647058
BXT2D0737,1,22403.0,18174.5,0.2326611461113098,325.0,307.75,0.056051990251827784,68.93230769230769,58.690146571612665,0.174512447471872
BXT2D0737,32,17383.0,18174.5,-0.04355002888662687,293.0,307.75,-0.0479285134037368,59.32764505119454,58.690146571612665,0.010862104063822837
BXT2D0737,52,17398.0,18174.5,-0.042724696690417896,309.0,307.75,0.004061738424045491,56.3042071197411,58.690146571612665,-0.04065315204078225
BXT4872ACS,22,3500.0,6500.0,-0.46153846153846156,5.0,5.5,-0.09090909090909091,700.0,1208.3333333333333,-0.42068965517241375
BXT705M,14,21090.0,21639.0,-0.025370858172743656,64.0,58.5,0.09401709401709402,329.53125,369.5592105263158,-0.10831271251312906
BXT775659T,48,4968.0,5247.0,-0.05317324185248713,43.0,52.0,-0.17307692307692307,115.53488372093024,101.43486375513251,0.13900565785582059
BXT775659T,51,5288.0,5247.0,0.007813988946064417,48.0,52.0,-0.07692307692307693,110.16666666666667,101.43486375513251,0.08608285739519554
BXT88264986E,1,3914.0,,0.0,82.0,,0.0,47.73170731707317,,0.0
BXTAT70021,51,297450.0,240875.0,0.23487285936689153,104.0,102.5,0.014634146341463415,2860.096153846154,2368.1742323097465,0.2077220142103405
BXTAT74531,53,216700.0,213250.0,0.016178194607268465,144.0,115.0,0.25217391304347825,1504.861111111111,1911.7307545294702,-0.21282790081938133
BXTAV7405,31,64.0,104.5,-0.3875598086124402,6.0,6.0,0.0,10.666666666666666,18.271428571428572,-0.41621058118321613
BXTGHT10X50,53,26.0,23.5,0.10638297872340426,1.0,1.0,0.0,26.0,23.5,0.10638297872340426
BXTMI00677,38,2.0,14.0,-0.8571428571428571,1.0,4.0,-0.75,2.0,3.0,-0.3333333333333333
BXTN720A,15,1718.0,1744.5,-0.015190599025508742,25.0,21.0,0.19047619047619047,68.72,83.07142857142857,-0.17276010318142734
BXTPIG1260T,6,1769.0,1470.0,0.20340136054421767,96.0,85.0,0.12941176470588237,18.427083333333332,17.271466222777086,0.06690903341097083
CDH7771010E,37,143.0,94.0,0.5212765957446809,13.0,11.5,0.13043478260869565,11.0,7.520833333333333,0.46260387811634357
CFB5523,29,10167.0,8925.75,0.13906394420636922,564.0,504.75,0.11738484398216939,18.02659574468085,17.69775099298181,0.018581160500531792
CFB5523,38,11195.0,8925.75,0.2542363386830238,569.0,504.75,0.1272907379891035,19.674868189806677,17.69775099298181,0.111715731428751
CFUFN2438,51,16851.0,18921.0,-0.10940225146662438,136.0,133.0,0.022556390977443608,123.90441176470588,142.0379353233831,-0.1276667639345217
CFUHS7170S,40,,,0.0,,,0.0,0.0,0.0,0.0
CGK451502,33,140.0,226.66666666666666,-0.38235294117647056,7.0,9.333333333333334,-0.25000000000000006,20.0,23.662337662337663,-0.154774972557629
CLK105,40,0.0,24.0,-1.0,1.0,1.0,0.0,0.0,12.0,-1.0
CLL115990,26,162.0,153.0,0.058823529411764705,4.0,2.0,1.0,40.5,95.0,-0.5736842105263158
CMV96004N,20,36448.0,43904.5,-0.16983452721247252,277.0,301.5,-0.0812603648424544,131.5812274368231,145.58906815982516,-0.09621492121664312
CMV96004N,52,45365.0,43904.5,0.03326538281952875,313.0,301.5,0.03814262023217247,144.93610223642173,145.58906815982516,-0.004484992806510814
COI1802,13,724.0,887.5,-0.18422535211267604,40.0,39.5,0.012658227848101266,18.1,22.42628205128205,-0.19291124767757603
COIAA6324,13,,10.0,,,1.5,,0.0,7.5,-1.0
COV11811022,32,163193.0,153203.5,0.0652041239266727,61.0,68.0,-0.10294117647058823,2675.2950819672133,2262.5173611111113,0.18244179158624835
COV18790,31,,42.5,,,3.5,,0.0,11.625,-1.0
COV18790,52,30.0,42.5,-0.29411764705882354,2.0,3.5,-0.42857142857142855,15.0,11.625,0.2903225806451613
COV30PCF,20,4.0,0.0,0.0,1.0,1.0,0.0,4.0,0.0,0.0
COV435SE,8,160.0,2002.0,-0.9200799200799201,1.0,8.333333333333334,-0.88,160.0,299.98830409356725,-0.4666458731334555
COV72205015,1,88.0,,0.0,17.0,,0.0,5.176470588235294,,0.0
COV86236,42,500.0,588.0,-0.14965986394557823,45.0,43.5,0.034482758620689655,11.11111111111111,13.512420718816067,-0.17771128191421162
COV86237,50,390.0,210.0,0.8571428571428571,25.0,21.0,0.19047619047619047,15.6,10.190981432360743,0.5307652264445599
COV86239,50,279.0,135.0,1.0666666666666667,20.0,17.5,0.14285714285714285,13.95,7.5493421052631575,0.847843137254902
COV86240,52,82.0,200.0,-0.59,8.0,13.5,-0.4074074074074074,10.25,14.588068181818182,-0.2973709834469328
COV90043,44,,50.0,,,1.0,,0.0,25.0,-1.0
COV9413C,27,,12.0,,,2.0,,0.0,3.0,-1.0
COVN2514,13,48.0,,0.0,2.0,,0.0,24.0,0.0,0.0
COVVLOCA206L,41,24.0,42.0,-0.42857142857142855,2.0,3.75,-0.4666666666666667,12.0,12.0,0.0
COVVLOCA206L,52,12.0,42.0,-0.7142857142857143,2.0,3.75,-0.4666666666666667,6.0,12.0,-0.5
COZ7601012N,38,50.0,38.75,0.2903225806451613,1.0,1.0,0.0,50.0,38.75,0.2903225806451613
COZ7601012N,41,100.0,38.75,1.5806451612903225,3.0,1.0,2.0,33.333333333333336,38.75,-0.13978494623655907
CPO167KS01,27,,,0.0,,,0.0,0.0,0.0,0.0
CPO1C055S01,27,,,0.0,,,0.0,0.0,0.0,0.0
CSO22953,51,12.0,24.0,-0.5,1.0,1.5,-0.3333333333333333,12.0,15.0,-0.2
DDQLYASP1201,51,168920.0,198210.0,-0.147772564451844,3.0,2.0,0.5,56306.666666666664,99105.0,-0.43184837630122935
DER89569CS,32,608.0,721.1666666666666,-0.15692165472613817,18.0,19.666666666666668,-0.08474576271186446,33.77777777777778,37.44214382839383,-0.09786742093109588
DER89569CS,37,930.0,721.1666666666666,0.2895770741853479,17.0,19.666666666666668,-0.1355932203389831,54.705882352941174,37.44214382839383,0.4610777257752955
DER89569CS,40,781.0,721.1666666666666,0.0829674139126416,13.0,19.666666666666668,-0.33898305084745767,60.07692307692308,37.44214382839383,0.6045267961222994
DERGL704,9,3.0,16.25,-0.8153846153846154,2.0,3.75,-0.4666666666666667,1.5,4.9375,-0.6962025316455697
DERGL704,27,8.0,16.25,-0.5076923076923077,2.0,3.75,-0.4666666666666667,4.0,4.9375,-0.189873417721519
DERSPD03,25,12.0,24.0,-0.5,1.0,1.5,-0.3333333333333333,12.0,15.0,-0.2
DERSPD2144,1,209.0,180.0,0.16111111111111112,11.0,2.0,4.5,19.0,45.0,-0.5777777777777777
DERSPD2144,51,180.0,180.0,0.0,2.0,2.0,0.0,90.0,45.0,1.0
DERTCC21131,20,2.0,4.0,-0.5,1.0,3.0,-0.6666666666666666,2.0,0.6666666666666666,2.0000000000000004
DERTCC23000,13,30.0,16.666666666666668,0.7999999999999998,1.0,1.6666666666666667,-0.4,30.0,7.5,3.0
DERTCC23000,32,10.0,16.666666666666668,-0.4,1.0,1.6666666666666667,-0.4,10.0,7.5,0.3333333333333333
DERTCC24001KT,40,0.0,10.0,-1.0,1.0,1.5,-0.3333333333333333,0.0,7.5,-1.0
DERTP1103,30,2136.0,1762.0,0.2122587968217934,21.0,24.0,-0.125,101.71428571428571,71.70714285714286,0.41846797489789817
DERUC20,41,40.0,50.0,-0.2,1.0,2.5,-0.6,40.0,20.0,1.0
DFTDDP2001,31,4.0,1.0,3.0,2.0,1.5,0.3333333333333333,2.0,0.5,3.0
DKLCR4014,40,,,0.0,,,0.0,0.0,0.0,0.0
DMAA50044CS2,47,121850.0,160475.0,-0.2406916965259386,422.0,520.5,-0.18924111431316043,288.74407582938386,308.74567256480054,-0.06478340755114124
DMAA60044CS,50,20750.0,18800.0,0.10372340425531915,120.0,110.0,0.09090909090909091,172.91666666666666,170.63931850136464,0.013345975507302574
DMAA69981CS,30,52300.0,54650.0,-0.043000914913083256,416.0,409.5,0.015873015873015872,125.72115384615384,133.48902967178495,-0.058191117612663074
DMAA69982CS,32,60600.0,52250.0,0.1598086124401914,450.0,398.5,0.12923462986198245,134.66666666666666,131.08602556836072,0.027315200707177176
DMAA7200CS,30,1123000.0,1177375.0,-0.04618324662915384,1067.0,1047.75,0.01837270341207349,1052.4835988753514,1125.1406506353846,-0.0645759725408576
DMAA7200CS,43,1110500.0,1177375.0,-0.056800084934706445,948.0,1047.75,-0.09520400858983537,1171.4135021097047,1125.1406506353846,0.041126281810357726
DPL12013,48,20.0,20.0,0.0,1.0,1.0,0.0,20.0,20.0,0.0
DRUGAW112402B,32,,575.0,,,1.0,,0.0,287.5,-1.0
DYALTC15JCB13,47,2.0,,0.0,1.0,,0.0,2.0,,0.0
EHOPATRPWDG6,51,4126.0,3615.5,0.14119762135251002,88.0,81.5,0.07975460122699386,46.88636363636363,43.88629426129426,0.0683600523937447
EMO65015,27,635.0,711.25,-0.10720562390158173,9.0,6.75,0.3333333333333333,70.55555555555556,106.40625,-0.33692282590961004
EMO65015,43,790.0,711.25,0.11072056239015818,7.0,6.75,0.037037037037037035,112.85714285714286,106.40625,0.06062513110971265
EMZSCRC310160,47,120090.0,132025.0,-0.09039954554061731,35.0,32.5,0.07692307692307693,3431.1428571428573,4064.124053030303,-0.1557484928186384
ENT1255ISOSAF,47,4584.0,3449.0,0.3290808930124674,16.0,16.5,-0.030303030303030304,286.5,211.93984962406014,0.351798637718178
EPR89029,11,,,0.0,,,0.0,0.0,0.0,0.0
ETHC013D,13,3456.0,4230.0,-0.1829787234042553,142.0,164.5,-0.13677811550151975,24.338028169014084,25.768491124260358,-0.05551209608464541
ETHM655G,46,1380.0,1428.0,-0.03361344537815126,46.0,55.0,-0.16363636363636364,30.0,25.61413043478261,0.17122851686823676
ETHPMW35,51,3634.0,3429.0,0.05978419364246136,214.0,193.0,0.10880829015544041,16.981308411214954,17.63511803817061,-0.037074298314335494
ETHPN120,1,3324.0,,0.0,126.0,,0.0,26.38095238095238,,0.0
ETHZ497G,4,2316.0,2004.0,0.15568862275449102,68.0,69.0,-0.014492753623188406,34.05882352941177,29.3370236321056,0.16095020260128798
EVBEN91,32,208347.0,250300.75,-0.16761336112656475,258.0,267.5,-0.03551401869158879,807.546511627907,929.642674055467,-0.13133665851948095
EVBEN91,41,277630.0,250300.75,0.10918564966345487,291.0,267.5,0.08785046728971962,954.0549828178695,929.642674055467,0.02625988397876189
FBCQ605200,3,25.0,56.25,-0.5555555555555556,1.0,2.25,-0.5555555555555556,25.0,26.5625,-0.058823529411764705
FBCQ605200,40,25.0,56.25,-0.5555555555555556,1.0,2.25,-0.5555555555555556,25.0,26.5625,-0.058823529411764705
FLX040310U,26,10114.0,13205.0,-0.2340780007572889,138.0,159.0,-0.1320754716981132,73.28985507246377,83.21911922663801,-0.11931469891111203
FPY900PT561,51,2261.0,2012.0,0.12375745526838966,124.0,111.0,0.11711711711711711,18.233870967741936,18.089460784313726,0.007983111555952811
FRN052348CS,46,104754.0,111679.0,-0.06200807671988467,936.0,929.5,0.006993006993006993,111.91666666666667,119.75101652226242,-0.06542199041909005
FSC1371161,34,2940.0,2258.0,0.3020372010628875,2.0,3.0,-0.3333333333333333,1470.0,752.6666666666667,0.9530558015943311
FSN4630M4705,51,,6.0,,,1.0,,0.0,6.0,-1.0
GCBGCB0265MY,52,,4.0,,,1.0,,0.0,4.0,-1.0
GHF1241,40,,8.0,,,1.0,,0.0,4.0,-1.0
GHF1819,25,63.0,568.0,-0.8890845070422535,9.0,6.5,0.38461538461538464,7.0,94.01190476190476,-0.9255413448144865
GHF202T,38,3.0,3.0,0.0,2.0,1.0,1.0,1.5,1.5,0.0
GMC20080003,41,438.0,293.0,0.4948805460750853,8.0,7.5,0.06666666666666667,54.75,39.285714285714285,0.3936363636363637
GMC20080004,21,1824.0,756.0,1.4126984126984128,23.0,13.0,0.7692307692307693,79.30434782608695,58.68571428571428,0.3513399094026502
GMC20080004,34,624.0,756.0,-0.1746031746031746,13.0,13.0,0.0,48.0,58.68571428571428,-0.18208373904576433
GMCG180,42,3.0,5.0,-0.4,6.0,3.0,1.0,0.5,0.8333333333333334,-0.4
GOJ192202,52,528.0,523.0,0.009560229445506692,21.0,36.5,-0.4246575342465753,25.142857142857142,14.11782945736434,0.7809293715289762
GOJ369812,50,60.0,132.0,-0.5454545454545454,8.0,13.5,-0.4074074074074074,7.5,11.285714285714285,-0.3354430379746835
GOJ430312,48,59.0,131.5,-0.5513307984790875,10.0,21.5,-0.5348837209302325,5.9,5.989035087719298,-0.014866349322592346
GOJ500904,52,3100.0,2932.0,0.0572987721691678,79.0,96.5,-0.18134715025906736,39.24050632911393,30.47840909090909,0.28748538718244127
GOJ518604,50,1712.0,2486.0,-0.31134352373290425,71.0,143.0,-0.5034965034965035,24.112676056338028,20.315320929404436,0.1869207550365248
GOJ838202,52,,111.0,,,1.5,,0.0,75.5,-1.0
GPO69150CT,40,30000.0,33930.0,-0.11582670203359859,3.0,6.0,-0.5,10000.0,4993.25,1.002703649927402
GPO69150CT,47,44400.0,33930.0,0.30857648099027407,6.0,6.0,0.0,7400.0,4993.25,0.48200070094627745
GPOCLO30577,36,16200.0,49950.0,-0.6756756756756757,3.0,6.5,-0.5384615384615384,5400.0,8043.75,-0.32867132867132864
GPOCLO30577,47,45900.0,49950.0,-0.08108108108108109,6.0,6.5,-0.07692307692307693,7650.0,8043.75,-0.04895104895104895
GRI454030,44,6750.0,6412.5,0.05263157894736842,8.0,5.75,0.391304347826087,843.75,1063.6458333333335,-0.20673783175007357
GRI454030,50,12550.0,6412.5,0.9571150097465887,14.0,5.75,1.434782608695652,896.4285714285714,1063.6458333333335,-0.1572114106635702
GRI454209,16,291521.0,315794.5,-0.07686485990097991,121.0,133.0,-0.09022556390977443,2409.2644628099174,2384.9752463350155,0.010184263552515711
GRI454209,47,320825.0,315794.5,0.015929663119528682,145.0,133.0,0.09022556390977443,2212.5862068965516,2384.9752463350155,-0.07228126988042062
GRI454247P,47,236950.0,210335.0,0.12653623980792544,83.0,78.0,0.0641025641025641,2854.8192771084337,2698.564030905803,0.05790310862113647
GRI454323,17,4050.0,4412.5,-0.0821529745042493,6.0,8.0,-0.25,675.0,582.5162337662338,0.15876598946576373
GRI454323,52,1150.0,4412.5,-0.7393767705382436,7.0,8.0,-0.125,164.28571428571428,582.5162337662338,-0.7179722988601845
GRI454331,14,21400.0,16162.5,0.32405259087393656,14.0,14.75,-0.05084745762711865,1528.5714285714287,1100.564713064713,0.38889736371326755
GRI454331,34,11500.0,16162.5,-0.288476411446249,15.0,14.75,0.01694915254237288,766.6666666666666,1100.564713064713,-0.30338792661110264
GRI456087P,7,236650.0,207751.75,0.13909991131241975,84.0,86.25,-0.02608695652173913,2817.2619047619046,2436.052762761432,0.1564864061352867
GRI456087P,53,212175.0,207751.75,0.02129103605625464,62.0,86.25,-0.2811594202898551,3422.1774193548385,2436.052762761432,0.40480430952389024
GUE368220010,46,60.0,40.0,0.5,1.0,3.0,-0.6666666666666666,60.0,6.666666666666667,8.0
GUE368220011,14,350.0,210.0,0.6666666666666666,12.0,10.5,0.14285714285714285,29.166666666666668,20.0,0.45833333333333337
GUE423607US,52,60.0,70.0,-0.14285714285714285,2.0,3.0,-0.3333333333333333,30.0,21.25,0.4117647058823529
GYN2850,40,,5.0,,,1.0,,0.0,5.0,-1.0
GYN2852,40,,5.0,,,1.0,,0.0,5.0,-1.0
GYN29200,51,,,0.0,,,0.0,0.0,0.0,0.0
GYN3249,40,,0.0,0.0,,1.0,,0.0,0.0,0.0
GYR70241072,41,18.0,6.0,2.0,1.0,1.0,0.0,18.0,1.5,11.0
GYR70241072,48,,6.0,,,1.0,,0.0,1.5,-1.0
H-T105BLF,24,332.0,743.5,-0.5534633490248824,17.0,24.5,-0.30612244897959184,19.529411764705884,29.12794612794613,-0.3295300781276561
H-T105LF,40,1006.0,691.5,0.45480838756326825,40.0,32.5,0.23076923076923078,25.15,21.108159392789375,0.19148238043869098
HCS60004F,47,,120.0,,,2.5,,0.0,57.5,-1.0
HDW2515061PF,4,500.0,500.0,0.0,1.0,1.0,0.0,500.0,500.0,0.0
HDW25800A50,4,4102.0,3319.0,0.23591443205784876,16.0,13.0,0.23076923076923078,256.375,250.79166666666669,0.02226283435786668
HDW25800D50,25,600.0,1550.0,-0.6129032258064516,2.0,2.5,-0.2,300.0,575.0,-0.4782608695652174
HDW258061PR,21,4900.0,6050.0,-0.19008264462809918,13.0,17.5,-0.2571428571428571,376.9230769230769,347.5328947368421,0.08456805853871639
HDW258062PC,25,,4000.0,,,1.0,,0.0,2000.0,-1.0
HDW258062PD,4,7228.0,1496.0,3.8315508021390374,12.0,7.0,0.7142857142857143,602.3333333333334,226.22222222222223,1.662573673870334
HDW258062WC,4,17500.0,8556.0,1.045348293595138,7.0,9.5,-0.2631578947368421,2500.0,901.7111111111111,1.772506592404564
HDW258072W,16,2000.0,1000.0,1.0,2.0,1.0,1.0,1000.0,500.0,1.0
HDW710CHERRY,25,400.0,2275.0,-0.8241758241758241,8.0,9.0,-0.1111111111111111,50.0,231.25,-0.7837837837837838
HDW710GRAPE,21,3000.0,500.0,5.0,4.0,1.0,3.0,750.0,500.0,0.5
HDW710GRAPEZ,4,900.0,1700.0,-0.47058823529411764,10.0,13.5,-0.25925925925925924,90.0,128.75,-0.30097087378640774
HMK036002401,18,18.0,36.0,-0.5,2.0,1.0,1.0,9.0,18.0,-0.5
HMKCSW0320,47,1000.0,500.0,1.0,3.0,4.0,-0.25,333.3333333333333,126.66666666666667,1.6315789473684208
HMKCSW0440,48,1100.0,2250.0,-0.5111111111111111,10.0,16.0,-0.375,110.0,147.22222222222223,-0.25283018867924534
HMKNLW002,16,3300.0,5200.0,-0.36538461538461536,5.0,8.666666666666666,-0.423076923076923,660.0,395.4545454545455,0.6689655172413791
HTP7540,51,1149.0,1402.0,-0.1804564907275321,26.0,27.5,-0.05454545454545454,44.19230769230769,50.336666666666666,-0.12206527331353499
HTP7767,46,380.0,270.0,0.4074074074074074,9.0,8.5,0.058823529411764705,42.22222222222222,32.121212121212125,0.31446540880503127
HTP9799,51,14836.0,14435.5,0.027744103079214436,425.0,437.0,-0.02745995423340961,34.908235294117645,33.02264822962498,0.05709981378177561
HTP9800,51,6145.0,6185.5,-0.00654757093201843,243.0,239.0,0.016736401673640166,25.2880658436214,25.88762254901961,-0.023159975554453396
HTPHBRS4520,1,8466.0,,0.0,444.0,,0.0,19.06756756756757,,0.0
HUD1140,53,449.0,732.5,-0.3870307167235495,15.0,14.5,0.034482758620689655,29.933333333333334,47.72979797979798,-0.3728585789111687
HUD200121,26,,200.0,,,1.0,,0.0,100.0,-1.0
HUD510405,13,235.0,127.5,0.8431372549019608,16.0,9.75,0.6410256410256411,14.6875,12.833028083028083,0.14450774244190198
HUD510405,51,177.0,127.5,0.38823529411764707,12.0,9.75,0.23076923076923078,14.75,12.833028083028083,0.14937798815442072
HUD5200000040,39,9438.0,9378.5,0.006344298128698619,344.0,340.0,0.011764705882352941,27.436046511627907,27.660695857290285,-0.008121608611056302
HUD5300000040,1,3860.0,,0.0,159.0,,0.0,24.27672955974843,,0.0
HUD77700,16,7058.0,7300.5,-0.03321690295185261,83.0,88.5,-0.062146892655367235,85.03614457831326,82.39718670076726,0.0320272813091253
HUDC01618X1A,18,76.0,68.25,0.11355311355311355,12.0,8.0,0.5,6.333333333333333,8.863553113553113,-0.2854633743155285
HUDMAD500,34,185.0,142.5,0.2982456140350877,9.0,12.5,-0.28,20.555555555555557,11.39423076923077,0.804031879981247
HUDRGH940U,42,2879.0,3187.5,-0.09678431372549019,29.0,27.5,0.05454545454545454,99.27586206896552,115.94642857142857,-0.14377818021529812
HUN6000057,52,486.0,1020.0,-0.5235294117647059,27.0,39.5,-0.31645569620253167,18.0,26.07450980392157,-0.30967062716197924
HUN6000230,36,3322.0,1323.0,1.5109599395313682,38.0,31.5,0.20634920634920634,87.42105263157895,41.33062880324543,1.1151638666749324
HUN6030641,49,432.0,408.0,0.058823529411764705,47.0,30.0,0.5666666666666667,9.191489361702128,13.085714285714285,-0.29759360773018667
HWP9803166551,20,640.0,910.0,-0.2967032967032967,14.0,14.5,-0.034482758620689655,45.714285714285715,62.967948717948715,-0.27400706796003543
HWP9803166551,51,1100.0,910.0,0.2087912087912088,18.0,14.5,0.2413793103448276,61.111111111111114,62.967948717948715,-0.029488615154908457
HWP9803206641,8,811.0,797.0,0.01756587202007528,15.0,13.0,0.15384615384615385,54.06666666666667,60.62474747474747,-0.10817497938135733
HWP9803206641,20,1325.0,797.0,0.6624843161856964,17.0,13.0,0.3076923076923077,77.94117647058823,60.62474747474747,0.2856330082538276
HWP9803206641,31,1110.0,797.0,0.39272271016311167,15.0,13.0,0.15384615384615385,74.0,60.62474747474747,0.22062364104401147
HWPM2208A,20,6200.0,6135.0,0.010594947025264874,19.0,20.0,-0.05,326.3157894736842,301.8777972027972,0.08095326154268292
HWPM2208A,53,4300.0,6135.0,-0.2991035044824776,15.0,20.0,-0.25,286.6666666666667,301.8777972027972,-0.050388371311427975
ICUMC33327,49,2550.0,10925.0,-0.7665903890160183,4.0,3.5,0.14285714285714285,637.5,3216.666666666667,-0.8018134715025907
IGLIP2P0609,4,54100.0,66050.0,-0.1809235427706283,10.0,10.5,-0.047619047619047616,5410.0,6340.384615384615,-0.14673946011525626
IME10010903,28,3632.0,3107.5,0.16878519710378118,81.0,74.0,0.0945945945945946,44.839506172839506,41.87783882783883,0.07072158993629515
IME25202E,27,2970.0,2529.0,0.17437722419928825,13.0,14.0,-0.07142857142857142,228.46153846153845,178.30769230769232,0.28127696289905074
IMEMPX5302C,6,11674.0,11214.5,0.040973739355298945,29.0,28.5,0.017543859649122806,402.55172413793105,396.1981481481481,0.01603635963338017
IMEMZ5309,50,55466.0,37867.0,0.46475823276203554,85.0,81.0,0.04938271604938271,652.5411764705882,466.73249961872807,0.39810528944019646
IOF2940821,46,1200.0,300.0,3.0,2.0,1.5,0.3333333333333333,600.0,200.0,2.0
IOF2940825,13,200.0,400.0,-0.5,1.0,1.0,0.0,200.0,200.0,0.0
IOF2940828,19,1600.0,200.0,7.0,3.0,1.0,2.0,533.3333333333334,100.0,4.333333333333334
IPRMC1820,27,430.0,435.0,-0.011494252873563218,22.0,33.25,-0.3383458646616541,19.545454545454547,12.916065750624574,0.5132668819457968
IPRMC1820,44,460.0,435.0,0.05747126436781609,30.0,33.25,-0.09774436090225563,15.333333333333334,12.916065750624574,0.18715200351096617
IPRMC1825,9,403.0,581.25,-0.30666666666666664,36.0,46.25,-0.22162162162162163,11.194444444444445,12.313269352296164,-0.09086335041010712
IPRMC1825,46,610.0,581.25,0.04946236559139785,49.0,46.25,0.05945945945945946,12.448979591836734,12.313269352296164,0.0110214627535345
IPRMC2010,6,5.0,12.5,-0.6,1.0,1.0,0.0,5.0,6.25,-0.2
IPRMC2010,24,5.0,12.5,-0.6,1.0,1.0,0.0,5.0,6.25,-0.2
IPRMQK1210,24,20.0,57.5,-0.6521739130434783,1.0,2.25,-0.5555555555555556,20.0,27.5,-0.2727272727272727
IPRMQK1210,43,10.0,57.5,-0.8260869565217391,1.0,2.25,-0.5555555555555556,10.0,27.5,-0.6363636363636364
J-J2983,1,136.0,47.5,1.8631578947368421,7.0,9.5,-0.2631578947368421,19.428571428571427,3.698717948717949,4.25278534290666
J-J3082,47,400.0,600.0,-0.3333333333333333,1.0,2.0,-0.5,400.0,133.33333333333331,2.0000000000000004
J-J3082,50,200.0,600.0,-0.6666666666666666,1.0,2.0,-0.5,200.0,133.33333333333331,0.5000000000000002
J-J441211Z,29,,,0.0,,,0.0,0.0,0.0,0.0
J-J4420,29,200.0,,0.0,1.0,,0.0,200.0,0.0,0.0
JLC07PT00410,30,1640.0,1215.0,0.3497942386831276,43.0,42.0,0.023809523809523808,38.13953488372093,29.004537719795803,0.31495062090544623
JLCSFTA22AL5S,51,225371.0,202763.5,0.11149689169894976,565.0,527.5,0.07109004739336493,398.8867256637168,384.51047148649815,0.03738845946546206
JLCSFTA32A5S,50,36419.0,34401.0,0.05866108543356298,336.0,319.0,0.05329153605015674,108.38988095238095,107.82196969696969,0.005267120022082306
K-C14277,52,3696.0,6366.0,-0.4194156456173421,36.0,53.0,-0.32075471698113206,102.66666666666667,120.12393162393163,-0.1453271194279412
K-C25869,51,129350.0,123875.0,0.04419778002018163,14.0,13.5,0.037037037037037035,9239.285714285714,9120.87912087912,0.012981927710843322
K-C28797,53,215960.0,155260.0,0.3909571042122891,39.0,36.5,0.0684931506849315,5537.4358974358975,4003.871951219512,0.38302022764471466
K-C34151,44,26640.0,24768.0,0.0755813953488372,151.0,154.0,-0.01948051948051948,176.42384105960264,160.49183234139548,0.09926990355694153
K-C34162,48,30240.0,37560.0,-0.19488817891373802,128.0,147.5,-0.13220338983050847,236.25,255.2183183461574,-0.07432193139220634
K-C34183,53,12420.0,14730.0,-0.15682281059063136,52.0,59.0,-0.11864406779661017,238.84615384615384,241.12376385975426,-0.009445813125765399
K-C39123,45,20950.0,22500.0,-0.06888888888888889,40.0,40.5,-0.012345679012345678,523.75,553.5714285714286,-0.053870967741935456
K-C44674,53,5490.0,13618.0,-0.5968571008958731,68.0,96.0,-0.2916666666666667,80.73529411764706,133.69419237749545,-0.39611966173006996
K-C47107,50,261240.0,231769.25,0.12715556528745725,140.0,136.5,0.02564102564102564,1866.0,1676.9095967551145,0.1127612386563848
K-C47107,52,207000.0,231769.25,-0.10687030311398082,121.0,136.5,-0.11355311355311355,1710.7438016528927,1676.9095967551145,0.02017652291050671
K-C48207,24,133300.0,98275.0,0.35639786313915034,149.0,134.5,0.10780669144981413,894.6308724832214,731.015037593985,0.22382006726941062
K-C49235,49,98850.0,91800.0,0.07679738562091504,189.0,173.5,0.0893371757925072,523.015873015873,524.6802030456853,-0.003172084672055673
K-C62115,3,862550.0,469608.3333333333,0.836743385445318,115.0,109.5,0.0502283105022831,7500.434782608696,4171.871234744895,0.7978586491697742
K-C62115,48,242700.0,469608.3333333333,-0.4831863432292868,86.0,109.5,-0.2146118721461187,2822.093023255814,4171.871234744895,-0.3235426348367674
K-C62115,50,660600.0,469608.3333333333,0.4067041683672565,118.0,109.5,0.0776255707762557,5598.3050847457625,4171.871234744895,0.34191703668152446
K-C88761,49,720.0,696.5,0.03374012921751615,47.0,43.0,0.09302325581395349,15.319148936170214,16.120518477661335,-0.049711151821922
K-C89301,48,1370.0,2457.0,-0.4424094424094424,56.0,80.0,-0.3,24.464285714285715,30.7198248905566,-0.20363199329934534
K-C95121,43,13635.0,14930.0,-0.08673811118553248,64.0,70.5,-0.09219858156028368,213.046875,211.58876811594203,0.0068912300829644495
K-CBPS12NC,6,59859.0,35935.5,0.6657344408732312,32.0,26.0,0.23076923076923078,1870.59375,1382.1346153846152,0.3534092332095005
K-CFTS80PEO,53,30.0,15.0,1.0,1.0,1.0,0.0,30.0,15.0,1.0
K-CNMS1EO,33,6326.0,8082.5,-0.21732137333745746,11.0,15.0,-0.26666666666666666,575.0909090909091,538.8333333333333,0.06728903635801275
K-CNMS20EO,14,700.0,1782.0,-0.6071829405162739,5.0,7.0,-0.2857142857142857,140.0,233.83680555555554,-0.401291855371594
K-CNMS20EO,50,955.0,1782.0,-0.46408529741863075,7.0,7.0,0.0,136.42857142857142,233.83680555555554,-0.4165650223264003
K-CPFTS80VEO,53,120.0,103.0,0.1650485436893204,1.0,1.5,-0.3333333333333333,120.0,86.5,0.3872832369942196
K-CPNMS100NCV,5,4933.0,4450.75,0.10835252485536145,16.0,14.75,0.0847457627118644,308.3125,306.74142156862746,0.0051218333126914935
K-CPNMS100NCV,45,4782.0,4450.75,0.0744256585968657,13.0,14.75,-0.11864406779661017,367.84615384615387,306.74142156862746,0.19920600212728495
K-CPNMS12NC,1,67360.0,,0.0,115.0,,0.0,585.7391304347826,,0.0
K-CPNMS35NC,3,47315.0,58875.5,-0.19635502033953003,106.0,108.0,-0.018518518518518517,446.3679245283019,545.1749034749034,-0.18123904515195646
KCP01804CS,31,8872000.0,9453125.0,-0.06147438016528926,254.0,260.0,-0.023076923076923078,34929.13385826772,36302.124304267156,-0.037821214937497384
KCP510240,45,2560.0,3720.0,-0.3118279569892473,8.0,9.5,-0.15789473684210525,320.0,421.9047619047619,-0.24153498871331833
KDL10082,19,,,0.0,,,0.0,0.0,0.0,0.0
KDL1169,9,750.0,862.5,-0.13043478260869565,1.0,3.25,-0.6923076923076923,750.0,448.6607142857143,0.6716417910447762
KDL1169,26,400.0,862.5,-0.5362318840579711,8.0,3.25,1.4615384615384615,50.0,448.6607142857143,-0.8885572139303483
KDL1540133,30,186974.0,178505.5,0.0474411152597539,135.0,127.0,0.06299212598425197,1384.9925925925927,1405.4427703373017,-0.014550701157188354
KDL1614,47,26.0,32.5,-0.2,1.0,1.5,-0.3333333333333333,26.0,22.0,0.18181818181818182
KDL1616,47,369.0,279.5,0.32021466905187834,4.0,2.5,0.6,92.25,117.08333333333334,-0.21209964412811394
KDL2236,41,8918.0,8192.5,0.088556606652426,84.0,83.0,0.012048192771084338,106.16666666666667,98.52325581395348,0.07757976316928293
KDL22500,37,10000.0,3100.0,2.225806451612903,7.0,4.0,0.75,1428.5714285714287,850.0,0.6806722689075632
KDL22855,1,362905.0,,0.0,87.0,,0.0,4171.3218390804595,,0.0
KDL30520,34,50.0,,0.0,1.0,,0.0,50.0,0.0,0.0
KDL30820,50,1113.0,1470.0,-0.24285714285714285,24.0,23.5,0.02127659574468085,46.375,62.757246376811594,-0.2610415103054096
KDL31319281,50,726.0,760.0,-0.04473684210526316,12.0,8.5,0.4117647058823529,60.5,90.27777777777777,-0.3298461538461538
KDL3141,50,556.0,621.0,-0.10466988727858294,15.0,14.5,0.034482758620689655,37.06666666666667,45.21813725490196,-0.18026993332971972
KDL31800,26,1462.0,777.5,0.8803858520900322,12.0,10.5,0.14285714285714285,121.83333333333333,81.875,0.4880407124681933
KDL3331,19,,120.0,,,2.0,,0.0,30.0,-1.0
KDL36524,27,19.0,103.0,-0.8155339805825242,2.0,3.5,-0.42857142857142855,9.5,31.25,-0.696
KDL441408,32,5956.0,9332.0,-0.3617659665666524,6.0,6.0,0.0,992.6666666666666,1444.7428571428572,-0.312911178789437
KDL47885,20,166.0,188.5,-0.11936339522546419,7.0,7.25,-0.034482758620689655,23.714285714285715,25.886904761904763,-0.08392733961830305
KDL47885,46,231.0,188.5,0.22546419098143236,12.0,7.25,0.6551724137931034,19.25,25.886904761904763,-0.25638077719015867
KDL47891,17,96.0,144.0,-0.3333333333333333,2.0,1.5,0.3333333333333333,48.0,96.0,-0.5
KDL50007365,4,115105.0,89122.5,0.29153692950713905,28.0,29.0,-0.034482758620689655,4110.892857142857,3062.314814814815,0.3424135354259624
KDL510406CS,47,600.0,134.5,3.4609665427509295,20.0,10.5,0.9047619047619048,30.0,11.75,1.553191489361702
KDL56102,8,6278.0,4955.6,0.26684962466704326,26.0,22.8,0.14035087719298242,241.46153846153845,209.97055900621118,0.14997807123233756
KDL56102,35,9762.0,4955.6,0.96989264670272,23.0,22.8,0.008771929824561372,424.4347826086956,209.97055900621118,1.0214014032135827
KDL6112,37,8024.0,5653.666666666667,0.41925594009787154,54.0,46.166666666666664,0.16967509025270763,148.59259259259258,123.65147753094304,0.2017049497480382
KDL6112,41,6882.0,5653.666666666667,0.21726313306998402,53.0,46.166666666666664,0.14801444043321305,129.8490566037736,123.65147753094304,0.05012135072368741
KDL6112,47,6619.0,5653.666666666667,0.17074464949000642,38.0,46.166666666666664,-0.17689530685920574,174.18421052631578,123.65147753094304,0.40867067668259144
KDL6113,8,2462.0,3402.25,-0.27636123153795283,45.0,41.75,0.07784431137724551,54.71111111111111,81.75997053331777,-0.3308325485658542
KDL6113,41,2236.0,3402.25,-0.3427878609743552,44.0,41.75,0.05389221556886228,50.81818181818182,81.75997053331777,-0.3784466715594883
KDL6114,41,2942.0,1371.75,1.1447056679424092,7.0,6.75,0.037037037037037035,420.2857142857143,178.0559523809524,1.3604137276270833
KDL6114,47,1080.0,1371.75,-0.21268452706396937,7.0,6.75,0.037037037037037035,154.28571428571428,178.0559523809524,-0.1334986995794528
KDL6115CS,44,2109.0,3999.75,-0.47271704481530097,12.0,14.25,-0.15789473684210525,175.75,286.4922794117647,-0.3865454232803214
KDL6115CS,49,5808.0,3999.75,0.4520907556722295,12.0,14.25,-0.15789473684210525,484.0,286.4922794117647,0.689399801606398
KDL6510,51,7.0,9.0,-0.2222222222222222,11.0,8.5,0.29411764705882354,0.6363636363636364,1.0069444444444444,-0.36802507836990594
KDL6660,38,230.0,300.0,-0.23333333333333334,2.0,2.5,-0.2,115.0,161.25,-0.2868217054263566
KDL6720,36,1491.0,2251.0,-0.3376277210128832,30.0,34.0,-0.11764705882352941,49.7,71.84281842818429,-0.3082119954734063
KDL7087CS2,3,2590.0,9347.5,-0.7229205669965232,8.0,9.75,-0.1794871794871795,323.75,1050.1780303030303,-0.6917189365439481
KDL7087CS2,43,6008.0,9347.5,-0.35726129981278415,7.0,9.75,-0.28205128205128205,858.2857142857143,1050.1780303030303,-0.1827236054080708
KDL7089,43,210.0,8050.0,-0.9739130434782609,1.0,3.5,-0.7142857142857143,210.0,1904.0,-0.8897058823529411
KDL7317CS,6,27650.0,24556.666666666668,0.12596715080765572,43.0,29.666666666666668,0.44943820224719094,643.0232558139535,823.5392189581195,-0.21919534490724238
KDL7317CS,32,19370.0,24556.666666666668,-0.21121216234559526,19.0,29.666666666666668,-0.35955056179775285,1019.4736842105264,823.5392189581195,0.23791758879472502
KDL7317CS,48,10880.0,24556.666666666668,-0.5569431247454867,13.0,29.666666666666668,-0.5617977528089888,836.9230769230769,823.5392189581195,0.01625163399247663
KDL7550,33,3556.0,2321.0,0.5320982335200345,27.0,26.5,0.018867924528301886,131.7037037037037,89.06378299120234,0.47875712529203135
KDL7551,26,150.0,125.0,0.2,4.0,4.0,0.0,37.5,15.625,1.4
KDL76000,5,1.0,83.0,-0.9879518072289156,2.0,4.0,-0.5,0.5,10.375,-0.9518072289156626
KDL7663,39,3307.0,2369.5,0.39565309136948723,26.0,23.5,0.10638297872340426,127.1923076923077,100.42,0.26660334288296844
KDL7665,43,368.0,844.5,-0.5642391947898164,9.0,9.5,-0.05263157894736842,40.888888888888886,91.74404761904762,-0.5543156210125652
KDL7667,47,235.0,227.5,0.03296703296703297,5.0,2.5,1.0,47.0,88.33333333333334,-0.46792452830188686
KDL8608RC,14,373.0,421.5,-0.11506524317912219,19.0,23.25,-0.1827956989247312,19.63157894736842,19.04138814616756,0.030995156270665538
KDL8608RC,45,725.0,421.5,0.7200474495848161,27.0,23.25,0.16129032258064516,26.85185185185185,19.04138814616756,0.41018352473720754
KDL8815544010,46,20.0,10.0,1.0,1.0,2.0,-0.5,20.0,2.5,7.0
KDL888413101,17,3.0,3.0,0.0,1.0,1.0,0.0,3.0,3.0,0.0
KDL8939,18,1277.0,1399.5,-0.08753126116470168,89.0,90.0,-0.011111111111111112,14.348314606741573,15.542474379553031,-0.07683202453159198
KDL8982,51,1549.0,1254.5,0.23475488242327622,78.0,70.5,0.10638297872340426,19.858974358974358,17.887575757575757,0.11021049627497304
KDL8989,42,1463.0,1631.0,-0.10300429184549356,87.0,92.5,-0.05945945945945946,16.816091954022987,17.583567415730336,-0.04364731249136407
KDL9231,37,120.0,140.0,-0.14285714285714285,1.0,1.5,-0.3333333333333333,120.0,75.0,0.6
KDL9529,9,26440.0,24330.5,0.08670187624586424,246.0,255.0,-0.03529411764705882,107.47967479674797,95.40992307692306,0.12650415523439654
KTE0058,53,359.0,738.5,-0.5138794854434665,26.0,39.5,-0.34177215189873417,13.807692307692308,18.710256410256413,-0.26202548992736746
KTE0409,9,406.0,580.1666666666666,-0.3002010916403332,16.0,23.333333333333332,-0.3142857142857142,25.375,25.105735239643284,0.01072522902780926
KTE0409,31,482.0,580.1666666666666,-0.16920425165182412,24.0,23.333333333333332,0.028571428571428623,20.083333333333332,25.105735239643284,-0.20004998293693918
KTE0409,52,733.0,580.1666666666666,0.2634300488365413,30.0,23.333333333333332,0.28571428571428575,24.433333333333334,25.105735239643284,-0.026782800817886115
KYA0NWI1021P,20,,0.0,0.0,,1.0,,0.0,0.0,0.0
LBI086250,38,96.0,30.0,2.2,3.0,2.0,0.5,32.0,14.0,1.2857142857142858
LBI132306,53,325.0,175.0,0.8571428571428571,6.0,2.5,1.4,54.166666666666664,75.0,-0.2777777777777778
LBI132311,49,132.0,120.0,0.1,5.0,3.0,0.6666666666666666,26.4,39.0,-0.3230769230769231
LBI132387,50,160.0,410.0,-0.6097560975609756,4.0,6.5,-0.38461538461538464,40.0,52.66666666666667,-0.2405063291139241
LBI133387,28,60.0,160.0,-0.625,2.0,4.5,-0.5555555555555556,30.0,35.0,-0.14285714285714285
LGS1033704EA,25,4.0,5.0,-0.2,2.0,3.0,-0.3333333333333333,2.0,0.8333333333333334,1.3999999999999997
LGSBR30105BO,30,1550.0,2250.0,-0.3111111111111111,13.0,8.5,0.5294117647058824,119.23076923076923,216.34615384615384,-0.4488888888888889
LSL1510PF,34,1160.0,998.5,0.16174261392088132,7.0,9.75,-0.28205128205128205,165.71428571428572,122.55833333333334,0.3521258098670216
LSL1510PF,48,580.0,998.5,-0.41912869303955935,15.0,9.75,0.5384615384615384,38.666666666666664,122.55833333333334,-0.6845039776976951
LSL1512,49,720.0,580.0,0.2413793103448276,10.0,10.0,0.0,72.0,56.66666666666667,0.2705882352941175
LTP31115788,9,444555.0,593731.25,-0.25125214480457275,152.0,155.5,-0.022508038585209004,2924.7039473684213,3888.455786579924,-0.24784950430390948
LTP31115788,53,559630.0,593731.25,-0.05743549796309357,146.0,155.5,-0.06109324758842444,3833.082191780822,3888.455786579924,-0.014240510330658889
LTP40000009KT,27,5620.0,9105.0,-0.3827567270730368,16.0,20.5,-0.21951219512195122,351.25,441.67464114832535,-0.20473134004983207
M-A58472,51,,3.5,,,3.0,,0.0,1.1666666666666665,-1.0
MAP101090,2,2949.0,2239.2,0.3169882100750269,171.0,137.0,0.24817518248175183,17.24561403508772,16.572141045006816,0.04063886423919981
MAP101090,24,2838.0,2239.2,0.26741693461950705,173.0,137.0,0.26277372262773724,16.404624277456648,16.572141045006816,-0.010108335856859068
MAP101090,37,3013.0,2239.2,0.345569846373705,187.0,137.0,0.36496350364963503,16.112299465240643,16.572141045006816,-0.027747867853485587
MAP104100,7,674.0,581.5,0.1590713671539123,103.0,130.5,-0.210727969348659,6.543689320388349,4.454985905567301,0.4688462453294948
MAY145541,48,50.0,,0.0,1.0,,0.0,50.0,0.0,0.0
MAY2506,48,3000.0,6000.0,-0.5,1.0,2.0,-0.5,3000.0,1500.0,1.0
MAY7831AMD,48,,50.0,,,1.0,,0.0,25.0,-1.0
MAY884424600,48,,,0.0,,,0.0,0.0,0.0,0.0
MAY884431605,32,1100.0,1200.0,-0.08333333333333333,4.0,5.0,-0.2,275.0,242.85714285714286,0.13235294117647056
MAY9200,41,56.0,37.0,0.5135135135135135,6.0,1.75,2.4285714285714284,9.333333333333334,19.0,-0.5087719298245613
MAY9200,48,32.0,37.0,-0.13513513513513514,5.0,1.75,1.8571428571428572,6.4,19.0,-0.6631578947368421
MAYCARD1238,19,4300.0,1800.0,1.3888888888888888,5.0,1.0,4.0,860.0,900.0,-0.044444444444444446
MAYCARD2236,48,876.0,1368.0,-0.35964912280701755,5.0,9.5,-0.47368421052631576,175.2,141.93333333333334,0.2343823391263503
MAYMM415019,51,2100.0,3350.0,-0.373134328358209,2.0,2.0,0.0,1050.0,1675.0,-0.373134328358209
MAYMM415072,45,,300.0,,,1.0,,0.0,150.0,-1.0
MAYTH308200,43,,,0.0,,,0.0,0.0,0.0,0.0
MCHMBS19002,50,7166.0,4280.0,0.6742990654205607,19.0,15.5,0.22580645161290322,377.1578947368421,277.0125,0.3615194070189688
MDXMX458L,18,487.0,504.5,-0.03468780971258672,11.0,8.25,0.3333333333333333,44.27272727272727,61.24107142857143,-0.27707458017998915
MDXMX458L,53,370.0,504.5,-0.2666005946481665,9.0,8.25,0.09090909090909091,41.111111111111114,61.24107142857143,-0.32870032884612266
MEN61518,40,1.0,1.0,0.0,1.0,1.0,0.0,1.0,0.5,1.0
MFD901054030,12,,,0.0,,,0.0,0.0,0.0,0.0
MFSMP5302C,53,19111.0,14281.5,0.33816475860378814,22.0,22.5,-0.022222222222222223,868.6818181818181,634.8184523809523,0.36839408956015235
MIK012820,51,60.0,50.0,0.2,1.0,1.0,0.0,60.0,50.0,0.2
MIK013636,51,732.0,927.5,-0.21078167115902965,22.0,21.5,0.023255813953488372,33.27272727272727,42.81385281385282,-0.22285136501516692
MIK04CC220,51,25.0,125.0,-0.8,1.0,2.0,-0.5,25.0,66.66666666666667,-0.625
MIK20P3D548,27,975.0,730.3333333333334,0.33500684618895477,9.0,11.666666666666666,-0.22857142857142854,108.33333333333333,61.34155844155844,0.7660675092978778
MIKMN16RGRN,44,732.0,864.0,-0.1527777777777778,8.0,6.5,0.23076923076923078,91.5,128.7,-0.28904428904428897
MIKTEUH06B,48,250.0,285.0,-0.12280701754385964,1.0,2.0,-0.5,250.0,142.5,0.7543859649122807
MIL62502,43,24.0,72.0,-0.6666666666666666,2.0,1.0,1.0,12.0,18.0,-0.3333333333333333
MIL62502,47,,72.0,,,1.0,,0.0,18.0,-1.0
MIL626631US,40,10.0,0.0,0.0,1.0,1.0,0.0,10.0,0.0,0.0
MJC134814,35,,,0.0,,,0.0,0.0,0.0,0.0
MLA87116100,53,60818.0,46474.5,0.30863161518682286,200.0,190.5,0.049868766404199474,304.09,243.27844965960037,0.24996686071243973
MLK18760,48,320.0,348.5,-0.08177905308464849,17.0,23.5,-0.2765957446808511,18.823529411764707,14.54,0.2946031232300349
MLK18760S,50,282.0,204.0,0.38235294117647056,11.0,9.5,0.15789473684210525,25.636363636363637,21.516666666666666,0.1914653897612845
MLK18785,30,246.0,219.5,0.12072892938496584,13.0,10.0,0.3,18.923076923076923,21.958333333333336,-0.13822799591300547
MLK18785S,41,110.0,75.0,0.4666666666666667,7.0,5.0,0.4,15.714285714285714,11.25,0.39682539682539675
MLK18860,19,249.0,188.5,0.3209549071618037,22.0,19.5,0.1282051282051282,11.318181818181818,9.686842105263157,0.16840779432466488
MLK18885,13,251.0,181.5,0.38292011019283745,18.0,14.5,0.2413793103448276,13.944444444444445,12.526442307692307,0.11320070790421982
MLK18885,52,137.0,181.5,-0.24517906336088155,12.0,14.5,-0.1724137931034483,11.416666666666666,12.526442307692307,-0.08859463954455316
MLK4DFEN,21,8.0,18.75,-0.5733333333333334,7.0,8.75,-0.2,1.1428571428571428,2.2590909090909093,-0.49410750215579197
MLK4DFEN,30,10.0,18.75,-0.4666666666666667,5.0,8.75,-0.42857142857142855,2.0,2.2590909090909093,-0.11468812877263589
MLK4DICFEN,3,120.0,97.5,0.23076923076923078,4.0,4.166666666666667,-0.04000000000000007,30.0,36.595238095238095,-0.18022121014964215
MLK4DICFEN,9,122.0,97.5,0.2512820512820513,4.0,4.166666666666667,-0.04000000000000007,30.5,36.595238095238095,-0.16655823031880285
MLK4DICFEN,52,110.0,97.5,0.1282051282051282,6.0,4.166666666666667,0.4399999999999999,18.333333333333332,36.595238095238095,-0.4990240728692258
MLK6DFEN,10,43.0,40.285714285714285,0.06737588652482272,20.0,19.285714285714285,0.03703703703703709,2.15,2.132928614827111,0.008003730201853243
MLK6DFEN,25,47.0,40.285714285714285,0.16666666666666669,19.0,19.285714285714285,-0.014814814814814763,2.473684210526316,2.132928614827111,0.15975949374509443
MLK6DFEN,32,33.0,40.285714285714285,-0.18085106382978722,17.0,19.285714285714285,-0.11851851851851847,1.9411764705882353,2.132928614827111,-0.08990087286836776
MLK6DICFEN,4,169.0,181.75,-0.07015130674002751,8.0,10.0,-0.2,21.125,18.61190476190476,0.13502622489446087
MLK6DICFEN,44,262.0,181.75,0.44154057771664373,9.0,10.0,-0.1,29.11111111111111,18.61190476190476,0.5641124045882906
MLK76255,3,445.0,472.0,-0.057203389830508475,40.0,37.0,0.08108108108108109,11.125,12.697708795269772,-0.12385768335273584
MLK76260,20,650.0,432.0,0.5046296296296297,41.0,34.5,0.18840579710144928,15.853658536585366,12.525289222271981,0.26573193283193874
MLK76260,50,619.0,432.0,0.43287037037037035,39.0,34.5,0.13043478260869565,15.871794871794872,12.525289222271981,0.267179910190997
MLK76265,1,359.0,541.0,-0.3364140480591497,33.0,37.5,-0.12,10.878787878787879,14.591933139534884,-0.2544656163950434
MLK76265,46,429.0,541.0,-0.20702402957486138,36.0,37.5,-0.04,11.916666666666666,14.591933139534884,-0.18333872882270427
MLK86209,35,330.0,454.0,-0.27312775330396477,30.0,30.5,-0.01639344262295082,11.0,14.896645021645021,-0.2615786988266918
MLK86385BX,4,80.0,105.0,-0.23809523809523808,7.0,8.333333333333334,-0.16000000000000006,11.428571428571429,12.689754689754688,-0.09938594496247426
MLK86385BX,19,82.0,105.0,-0.21904761904761905,9.0,8.333333333333334,0.07999999999999992,9.11111111111111,12.689754689754688,-0.28201046167841703
MLK86385BX,25,100.0,105.0,-0.047619047619047616,7.0,8.333333333333334,-0.16000000000000006,14.285714285714286,12.689754689754688,0.1257675687969072
MLK86387,18,223.0,440.75,-0.49404424276800907,17.0,25.0,-0.32,13.117647058823529,16.995833333333334,-0.22818453196429347
MLK86387,44,389.0,440.75,-0.11741349971639252,31.0,25.0,0.24,12.548387096774194,16.995833333333334,-0.26167862142049364
MLK86442,21,679.0,648.0,0.047839506172839504,37.0,36.25,0.020689655172413793,18.35135135135135,17.768754619364376,0.032787707662531466
MLK86442,51,1118.0,648.0,0.7253086419753086,51.0,36.25,0.4068965517241379,21.92156862745098,17.768754619364376,0.23371441032568882
MLK86446,11,1443.0,1110.0,0.3,51.0,66.0,-0.22727272727272727,28.294117647058822,16.850243789180404,0.6791518271816677
MLK86449,46,7608.0,7136.25,0.06610614818707304,276.0,285.25,-0.03242769500438212,27.565217391304348,24.997588409265425,0.10271506754976506
MLK86449,50,7731.0,7136.25,0.08334209143457698,328.0,285.25,0.14986853637160386,23.570121951219512,24.997588409265425,-0.05710416679701866
MLK86451,16,15398.0,24094.75,-0.36093962377696387,336.0,507.0,-0.33727810650887574,45.82738095238095,47.07545361138142,-0.026512174886376975
MLK86451,52,23926.0,24094.75,-0.007003600369375071,585.0,507.0,0.15384615384615385,40.899145299145296,47.07545361138142,-0.13120018690043764
MLK86452,42,8816.0,10901.833333333334,-0.19132867560502062,279.0,324.3333333333333,-0.13977389516957858,31.59856630824373,33.46460513897238,-0.05576156727322298
MLK86452,48,12041.0,10901.833333333334,0.10449312806714461,263.0,324.3333333333333,-0.18910585817060632,45.78326996197718,33.46460513897238,0.3681102696968227
MLK86452,51,11785.0,10901.833333333334,0.08101083915549366,338.0,324.3333333333333,0.042137718396711266,34.866863905325445,33.46460513897238,0.04190274352647343
MLK8DFEN,26,19.0,24.833333333333332,-0.23489932885906037,12.0,13.666666666666666,-0.12195121951219508,1.5833333333333333,1.745014245014245,-0.09265306122448981
MLK8DFEN,46,27.0,24.833333333333332,0.08724832214765106,15.0,13.666666666666666,0.09756097560975614,1.8,1.745014245014245,0.031510204081632714
MLK8DICFEN,47,140.0,90.5,0.5469613259668509,5.0,5.0,0.0,28.0,18.1,0.5469613259668507
MLK90042CS,23,2091.0,1258.5,0.6615017878426699,11.0,9.75,0.1282051282051282,190.0909090909091,133.8568181818182,0.42010628724722804
MLK90042CS,48,873.0,1258.5,-0.3063170441001192,9.0,9.75,-0.07692307692307693,97.0,133.8568181818182,-0.275345093977622
MLK96360,44,230.0,377.0,-0.38992042440318303,18.0,30.0,-0.4,12.777777777777779,13.034285714285714,-0.019679477811875786
MMM1060,51,316.0,239.0,0.32217573221757323,11.0,10.5,0.047619047619047616,28.727272727272727,21.34722222222222,0.3457147926894186
MMM1243A,8,1725508.0,1898750.0,-0.09124002633311389,671.0,689.0,-0.026124818577648767,2571.5469448584204,2763.268682114639,-0.06938222782936194
MMM1243BCS,10,225200.0,254100.0,-0.11373475009838646,138.0,140.5,-0.017793594306049824,1631.8840579710145,1794.8291641244662,-0.09078585829250092
MMM1243RE,8,1146010.0,1218251.0,-0.05929894578375064,363.0,341.5,0.0629575402635432,3157.052341597796,3567.464474970417,-0.11504308907687846
MMM1243RES,19,47000.0,104833.33333333333,-0.5516693163751987,17.0,20.0,-0.15,2764.705882352941,4757.819121652443,-0.41891320126673326
MMM1243RES,30,71000.0,104833.33333333333,-0.3227344992050874,19.0,20.0,-0.05,3736.842105263158,4757.819121652443,-0.21458928771438635
MMM1243RES,46,107500.0,104833.33333333333,0.02543720190779019,28.0,20.0,0.4,3839.285714285714,4757.819121652443,-0.19305765601440347
MMM1295,32,37800.0,39030.0,-0.03151421983089931,244.0,246.5,-0.010141987829614604,154.91803278688525,158.3748144482929,-0.02182658696996453
MMM13913,52,73700.0,104750.0,-0.2964200477326969,122.0,184.5,-0.33875338753387535,604.0983606557377,568.4092913848867,0.06278762471299018
MMM15284,14,5600.0,5753.0,-0.02659482009386407,363.0,339.0,0.07079646017699115,15.426997245179063,16.983066038967255,-0.09162472725583402
MMM15301,53,128867.0,268711.5,-0.5204261819832795,1018.0,1669.0,-0.39005392450569204,126.58840864440079,160.72475373690503,-0.21239009112674087
MMM1627,52,9894.0,13356.5,-0.2592370755811777,188.0,228.0,-0.17543859649122806,52.62765957446808,58.6240763546798,-0.10228590628759714
MMM192401,53,8629.0,13082.5,-0.34041658704376077,103.0,133.5,-0.22846441947565543,83.77669902912622,97.71060606060607,-0.1426038338441703
MMM2081B,51,144.0,180.0,-0.2,2.0,3.0,-0.3333333333333333,72.0,60.0,0.2
MMM2081O,45,36.0,72.0,-0.5,1.0,3.0,-0.6666666666666666,36.0,12.0,2.0
MMM2081PCS,45,2160.0,468.0,3.6153846153846154,1.0,2.5,-0.6,2160.0,171.0,11.631578947368421
MMM2081TCS,26,17047.0,27678.0,-0.3840956716525761,168.0,195.25,-0.13956466069142126,101.4702380952381,141.87981509625126,-0.28481554598587056
MMM2081TCS,51,22664.0,27678.0,-0.18115470771009465,182.0,195.25,-0.0678617157490397,124.52747252747253,141.87981509625126,-0.12230310955090341
MMM2082,18,144152.0,129029.5,0.11720188019018907,700.0,678.5,0.03168754605747973,205.93142857142857,190.18548183872088,0.08279258006697067
MMM2083,28,25009.0,20163.5,0.24031046197336772,274.0,237.5,0.15368421052631578,91.27372262773723,85.0065822155986,0.07372535454070542
MMM2083B,51,312.0,564.0,-0.44680851063829785,2.0,3.0,-0.3333333333333333,156.0,199.2,-0.21686746987951802
MMM2083O,34,,148.8,,,1.6,,0.0,80.0,-1.0
MMM2083O,37,360.0,148.8,1.4193548387096773,2.0,1.6,0.24999999999999994,180.0,80.0,1.25
MMM2083O,41,48.0,148.8,-0.6774193548387097,1.0,1.6,-0.37500000000000006,48.0,80.0,-0.4
MMM2083S,1,5133.0,5233.125,-0.019132927266212827,122.0,130.25,-0.06333973128598848,42.07377049180328,40.081018979392404,0.049718085097473365
MMM2083S,18,7097.0,5233.125,0.3561686372865162,148.0,130.25,0.1362763915547025,47.9527027027027,40.081018979392404,0.19639430143623623
MMM2083S,30,4173.0,5233.125,-0.2025797205302759,119.0,130.25,-0.08637236084452975,35.0672268907563,40.081018979392404,-0.1250914327106787
MMM2083S,36,5187.0,5233.125,-0.00881404514510928,140.0,130.25,0.07485604606525911,37.05,40.081018979392404,-0.07562230343871248
MMM2083S,48,4661.0,5233.125,-0.10932760062104382,102.0,130.25,-0.21689059500959693,45.69607843137255,40.081018979392404,0.14009273204523864
MMM20841X,43,182.0,45.0,3.0444444444444443,5.0,4.0,0.25,36.4,13.8,1.6376811594202896
MMM2084B,51,18.0,36.0,-0.5,1.0,1.0,0.0,18.0,18.0,0.0
MMM2086,51,496.0,698.5,-0.28990694345025053,26.0,26.5,-0.018867924528301886,19.076923076923077,26.27920227920228,-0.27406764960971386
MMM20861X,51,12.0,24.0,-0.5,1.0,2.0,-0.5,12.0,6.0,1.0
MMM2283,16,13656.0,15777.75,-0.13447734943195322,30.0,28.0,0.07142857142857142,455.2,569.3623366013072,-0.2005091121460125
MMM2283,53,6666.0,15777.75,-0.5775062984265817,23.0,28.0,-0.17857142857142858,289.82608695652175,569.3623366013072,-0.4909637179610796
MMM2360,46,2379000.0,2951000.0,-0.19383259911894274,367.0,395.0,-0.07088607594936709,6482.288828337874,7488.559137303175,-0.1343743556691314
MMM3343,21,42329.0,30335.5,0.39536186975655585,140.0,130.5,0.07279693486590039,302.35,232.75617647058823,0.29899882608789063
MMM3344CCS,7,132077.0,173952.0,-0.24072732707873437,456.0,461.5,-0.011917659804983749,289.6425438596491,374.2232257242405,-0.22601665543580565
MMM3344CCS,38,159939.0,173952.0,-0.08055670529801325,497.0,461.5,0.07692307692307693,321.80885311871225,374.2232257242405,-0.14006178399026362
MMM3345,9,33629.0,27716.5,0.2133205852109754,131.0,125.5,0.043824701195219126,256.70992366412213,219.91548892284186,0.16731170197015877
MMM3346,33,6631.0,5858.5,0.1318596910471964,197.0,192.5,0.023376623376623377,33.65989847715736,30.429377158894646,0.10616455609307208
MMM3353,21,2160.0,480.0,3.5,4.0,2.0,1.0,540.0,240.0,1.25
MMM36000,3,4173.0,5607.5,-0.2558181007579135,28.0,32.5,-0.13846153846153847,149.03571428571428,173.10823457146986,-0.13906051520510973
MMM36000,39,6405.0,5607.5,0.1422202407489969,37.0,32.5,0.13846153846153847,173.1081081081081,173.10823457146986,-7.305450377888886e-07
MMM6648EZ,6,6330.0,5688.5,0.11277138085611321,214.0,210.0,0.01904761904761905,29.57943925233645,27.05287632701207,0.09339350443862522
MMM6650EZ,27,26630.0,26585.5,0.0016738447650034793,713.0,743.5,-0.0410221923335575,37.3492286115007,35.7065338264432,0.04600543959383057
MMM8610,12,4530.0,3896.5,0.16258180418324136,60.0,64.83333333333333,-0.0745501285347043,75.5,60.100721551526874,0.25622451862363543
MMM8610,34,3368.0,3896.5,-0.13563454382137816,59.0,64.83333333333333,-0.0899742930591259,57.08474576271186,60.100721551526874,-0.05018202296006197
MMM8610,51,2570.0,3896.5,-0.34043372257153853,61.0,64.83333333333333,-0.05912596401028271,42.131147540983605,60.100721551526874,-0.29899098624194054
MMM8851EZ,48,160.0,135.0,0.18518518518518517,6.0,6.5,-0.07692307692307693,26.666666666666668,21.30952380952381,0.25139664804469275
MMM9200,3,5975.0,6057.666666666667,-0.013646618610025913,608.0,545.1666666666666,0.11525527361663107,9.827302631578947,11.063468053632368,-0.11173398938387699
MMM9200,15,5856.0,6057.666666666667,-0.033291146205909915,599.0,545.1666666666666,0.09874656068480595,9.776293823038397,11.063468053632368,-0.11634455166807885
MMM9200,33,5584.0,6057.666666666667,-0.07819292356793049,541.0,545.1666666666666,-0.007642922653622677,10.32162661737523,11.063468053632368,-0.06705324520854705
MMM9221,9,418.0,679.75,-0.3850680397204855,17.0,23.75,-0.28421052631578947,24.58823529411765,27.123659003831417,-0.09347646308912898
MMM9221,51,559.0,679.75,-0.17763883780801765,21.0,23.75,-0.11578947368421053,26.61904761904762,27.123659003831417,-0.01860410443563372
MMM9222,28,1913.0,725.5,1.636802205375603,77.0,67.5,0.14074074074074075,24.844155844155843,10.677579365079364,1.3267591833976673
MMM9228,27,23.0,26.0,-0.11538461538461539,7.0,10.75,-0.3488372093023256,3.2857142857142856,2.5595238095238098,0.28372093023255796
MMM9228,38,44.0,26.0,0.6923076923076923,8.0,10.75,-0.2558139534883721,5.5,2.5595238095238098,1.1488372093023254
MMM9236,51,48.0,16.0,2.0,2.0,1.0,1.0,24.0,8.0,2.0
MMM9244,37,,,0.0,,,0.0,0.0,0.0,0.0
MMM9536HP,12,35202.0,24139.0,0.45830398939475536,84.0,85.0,-0.011764705882352941,419.07142857142856,280.2532376126126,0.49533126589852644
MMM9680,22,17669.0,24210.5,-0.2701926849920489,164.0,198.0,-0.1717171717171717,107.73780487804878,122.35397959183673,-0.1194581064101582
MMMCFF10250,50,1042305.0,1353797.5,-0.230087956285929,254.0,254.0,0.0,4103.562992125984,5164.125322875323,-0.20537114505169105
MMMR1547,41,96283.0,94740.0,0.016286679332911124,871.0,853.5,0.020503807850029292,110.54305396096441,110.91567195531832,-0.003359471098944513
MMMTCH502CS,35,2419.0,1202.0,1.0124792013311148,78.0,70.0,0.11428571428571428,31.012820512820515,17.625,0.7595926532096746
MMMTCH503CS,24,1016.0,1321.0,-0.23088569265707798,71.0,73.25,-0.030716723549488054,14.309859154929578,17.394020950674175,-0.17731160635546195
MMMTCH503CS,52,1020.0,1321.0,-0.22785768357305072,48.0,73.25,-0.3447098976109215,21.25,17.394020950674175,0.22168416723542989
MMMWDP2,39,500.0,920.0,-0.45652173913043476,5.0,7.5,-0.3333333333333333,100.0,125.0,-0.2
MMMWDP3,46,440.0,440.0,0.0,4.0,5.0,-0.2,110.0,93.33333333333334,0.17857142857142846
MMMWDP4,51,260.0,370.0,-0.2972972972972973,4.0,3.5,0.14285714285714285,65.0,108.33333333333334,-0.4000000000000001
MMMYMDLW5GEPV,26,635.0,661.0,-0.039334341906202726,8.0,7.5,0.06666666666666667,79.375,88.91964285714286,-0.10734009438698669
MMO1859,3,99381.0,88174.5,0.12709456815746048,277.0,259.5,0.0674373795761079,358.7761732851986,339.27908067542216,0.05746623862267737
MMO1863,26,609.0,916.5,-0.3355155482815057,111.0,125.0,-0.112,5.486486486486487,7.181403234220136,-0.23601470248282314
MMO1895,19,315.0,348.3333333333333,-0.09569377990430616,35.0,41.0,-0.14634146341463414,9.0,8.51159420289855,0.05738123616550323
MMO2328,16,16628.0,19971.5,-0.16741356432916907,131.0,129.75,0.009633911368015413,126.93129770992367,154.52311368860666,-0.17856109238314807
MMO2328,53,20838.0,19971.5,0.043386826227374005,155.0,129.75,0.19460500963391136,134.43870967741935,154.52311368860666,-0.12997669754222776
MMO2329,1,107192.0,97175.0,0.103082068433239,322.0,309.0,0.042071197411003236,332.8944099378882,314.37044990310585,0.058923986145936275
MMO2918,20,451.0,762.25,-0.40833060019678585,18.0,24.75,-0.2727272727272727,25.055555555555557,30.206175889328065,-0.17051547182416554
MMO2918,53,1150.0,762.25,0.508691374221056,28.0,24.75,0.13131313131313133,41.07142857142857,30.206175889328065,0.3597030197370741
MMO4015,8,842.0,1177.25,-0.28477383733276707,30.0,30.75,-0.024390243902439025,28.066666666666666,38.287433862433865,-0.2669483474000961
MMO4015,53,1304.0,1177.25,0.10766617116160544,33.0,30.75,0.07317073170731707,39.515151515151516,38.287433862433865,0.03206581190917157
MMO4016,53,2575.0,2562.5,0.004878048780487805,61.0,69.0,-0.11594202898550725,42.21311475409836,37.14075630252101,0.1365712213898308
MMO4050,14,490.0,670.0,-0.26865671641791045,78.0,86.75,-0.10086455331412104,6.282051282051282,7.733356451186419,-0.18766821085978566
MMO4050,31,763.0,670.0,0.13880597014925372,82.0,86.75,-0.05475504322766571,9.304878048780488,7.733356451186419,0.2032133922073349
MMO4078,4,119.0,80.2,0.483790523690773,16.0,12.0,0.3333333333333333,7.4375,6.654242424242424,0.1177080012751036
MMO4078,15,87.0,80.2,0.084788029925187,14.0,12.0,0.16666666666666666,6.214285714285714,6.654242424242424,-0.06611672402464332
MMO4459,15,1460.0,1354.5,0.07788851974898486,13.0,13.0,0.0,112.3076923076923,107.34242424242424,0.04625634366198404
MMO4478,3,12041.0,11275.75,0.06786688246901537,30.0,26.75,0.12149532710280374,401.3666666666667,429.6389743589744,-0.06580480212366739
MMO4478,18,18211.0,11275.75,0.6150588652639514,38.0,26.75,0.4205607476635514,479.2368421052632,429.6389743589744,0.11544080194374659
MMO4624,16,2600.0,2237.5,0.16201117318435754,27.0,24.0,0.125,96.29629629629629,92.58695652173913,0.040063308201368775
MMO4628CS,14,1316.0,1730.6666666666667,-0.2395993836671803,30.0,26.666666666666668,0.12499999999999994,43.86666666666667,65.86644042232278,-0.33400580955336057
MND331000,19,1.0,8.5,-0.8823529411764706,3.0,6.5,-0.5384615384615384,0.3333333333333333,1.2916666666666665,-0.7419354838709677
MOSOCP12024,43,48.0,24.0,1.0,7.0,3.0,1.3333333333333333,6.857142857142857,7.5,-0.08571428571428577
MQI803139261,52,5.0,5.333333333333333,-0.062499999999999944,5.0,4.333333333333333,0.15384615384615394,1.0,1.111111111111111,-0.09999999999999987
MQI8900080101,21,4.0,8.0,-0.5,3.0,4.0,-0.25,1.3333333333333333,2.066666666666667,-0.35483870967741943
MQIPHIM5072A,9,7.0,5.833333333333333,0.20000000000000007,11.0,8.166666666666666,0.3469387755102042,0.6363636363636364,0.7796957671957672,-0.1838308438528983
MQIPHIM5072A,24,10.0,5.833333333333333,0.7142857142857144,13.0,8.166666666666666,0.5918367346938777,0.7692307692307693,0.7796957671957672,-0.013421899162844017
MQIPHIM5072A,45,10.0,5.833333333333333,0.7142857142857144,11.0,8.166666666666666,0.3469387755102042,0.9090909090909091,0.7796957671957672,0.16595593735300243
MRS15300,35,247750.0,269287.5,-0.07997957573225642,59.0,45.5,0.2967032967032967,4199.152542372882,5954.391206721715,-0.2947805415215921
MRS15300,49,341550.0,269287.5,0.2683470268764796,66.0,45.5,0.45054945054945056,5175.0,5954.391206721715,-0.13089351701344148
MYC200264Z,16,192.0,192.0,0.0,3.0,5.75,-0.4782608695652174,64.0,34.35714285714286,0.8627858627858626
MYC200264Z,32,12.0,192.0,-0.9375,2.0,5.75,-0.6521739130434783,6.0,34.35714285714286,-0.8253638253638254
MYCQSBS01,34,,0.0,0.0,,1.0,,0.0,0.0,0.0
MYCSN20G501,45,275.0,187.5,0.4666666666666667,4.0,3.5,0.14285714285714285,68.75,54.16666666666667,0.2692307692307691
MZI13244,28,6.0,2.0,2.0,5.0,2.0,1.5,1.2,1.0,0.19999999999999996
NDA26100,50,1700.0,500.0,2.4,5.0,4.5,0.1111111111111111,340.0,107.5,2.1627906976744184
NDA26392S,21,1300.0,2100.0,-0.38095238095238093,4.0,7.5,-0.4666666666666667,325.0,288.8888888888889,0.1249999999999999
NDA26411,40,,,0.0,,,0.0,0.0,0.0,0.0
NDA26502,40,,,0.0,,,0.0,0.0,0.0,0.0
NDA26709,51,800.0,1900.0,-0.5789473684210527,9.0,10.5,-0.14285714285714285,88.88888888888889,165.97222222222223,-0.4644351464435147
NDA27708,35,250.0,,0.0,2.0,,0.0,125.0,0.0,0.0
NFKTH02200,7,20.0,57.5,-0.6521739130434783,1.0,1.25,-0.2,20.0,37.5,-0.4666666666666667
NFKTH02200,48,100.0,57.5,0.7391304347826086,1.0,1.25,-0.2,100.0,37.5,1.6666666666666667
NPKS40750,44,38948.0,47161.0,-0.17414813087084668,102.0,110.0,-0.07272727272727272,381.84313725490193,426.04499540863173,-0.10374927209586057
NPMLC203,23,6964.0,4043.0,0.7224833044768736,144.0,85.0,0.6941176470588235,48.361111111111114,47.985052436861736,0.007836996213439444
NPMLC203,43,3988.0,4043.0,-0.01360375958446698,90.0,85.0,0.058823529411764705,44.31111111111111,47.985052436861736,-0.07656428698467636
NPMLC225,43,4536.0,4176.0,0.08620689655172414,134.0,121.5,0.102880658436214,33.850746268656714,34.340842720066746,-0.014271532454957755
NRC030,40,,13.0,,,1.0,,0.0,6.5,-1.0
NRC10102,37,12.0,14.0,-0.14285714285714285,1.0,1.0,0.0,12.0,14.0,-0.14285714285714285
NSCSB51839U,40,2.0,1.5,0.3333333333333333,1.0,2.5,-0.6,2.0,1.125,0.7777777777777778
OLY50100,10,2.0,5.5,-0.6363636363636364,4.0,7.0,-0.42857142857142855,0.5,0.9222222222222222,-0.4578313253012048
OML34165CS,45,25200.0,24300.0,0.037037037037037035,104.0,103.0,0.009708737864077669,242.30769230769232,236.10227272727275,0.026282760893147343
OML47567,25,249000.0,292025.0,-0.14733327626059411,61.0,65.75,-0.07224334600760456,4081.967213114754,4525.420508394646,-0.09799162187409706
OML47567,51,330100.0,292025.0,0.13038267271637702,72.0,65.75,0.09505703422053231,4584.722222222223,4525.420508394646,0.013104133354584793
OML47568,11,160650.0,187112.5,-0.14142561293339567,16.0,22.0,-0.2727272727272727,10040.625,8993.452717625512,0.11643718105308128
OML47568,45,136450.0,187112.5,-0.27075956977754023,30.0,22.0,0.36363636363636365,4548.333333333333,8993.452717625512,-0.4942617172579963
OML47574,53,2200.0,11100.0,-0.8018018018018018,7.0,7.0,0.0,314.2857142857143,1777.0833333333333,-0.8231452018087423
OML48139,10,353750.0,391262.5,-0.09587553113319064,381.0,370.5,0.02834008097165992,928.4776902887139,1053.5934438383729,-0.11875145416038904
OML48139,41,435122.0,391262.5,0.11209737708060445,391.0,370.5,0.0553306342780027,1112.843989769821,1053.5934438383729,0.05623663119579696
OMLSGL95080,53,1485.0,651.5,1.2793553338449732,3.0,1.5,1.0,495.0,425.75,0.1626541397533764
OSID28503CE,16,2145.0,1912.5,0.12156862745098039,139.0,125.0,0.112,15.431654676258994,15.337752016129032,0.00612232223022084
OSID28503CE,49,2183.0,1912.5,0.14143790849673202,149.0,125.0,0.192,14.651006711409396,15.337752016129032,-0.044774834278025984
OTC011001,37,2055.0,1559.0,0.3181526619627967,233.0,215.5,0.08120649651972157,8.819742489270386,7.229535615899252,0.21995975369067114
OTC013801,51,163.0,399.5,-0.5919899874843555,31.0,61.0,-0.4918032786885246,5.258064516129032,6.57713963963964,-0.20055452609835112
OTC018105CS,2,11206.0,10271.0,0.09103300554960568,659.0,513.0,0.28460038986354774,17.00455235204856,20.021442495126706,-0.15068295622617947
OTC044020,4,24.0,41.0,-0.4146341463414634,7.0,10.5,-0.3333333333333333,3.4285714285714284,3.9951923076923075,-0.14182568334192883
OTC105656,47,107.0,174.0,-0.3850574712643678,37.0,35.0,0.05714285714285714,2.891891891891892,4.918918918918919,-0.41208791208791207
OTC710167CS,44,300.0,178.0,0.6853932584269663,45.0,31.5,0.42857142857142855,6.666666666666667,5.621212121212121,0.18598382749326153
OUS8449112,40,,,0.0,,,0.0,0.0,0.0,0.0
PDC32418PDL,53,900.0,350.0,1.5714285714285714,4.0,2.5,0.6,225.0,150.0,0.5
PDC324S11,53,500.0,300.0,0.6666666666666666,1.0,1.5,-0.3333333333333333,500.0,175.0,1.8571428571428572
PDI212865,41,3658.0,2998.3333333333335,0.22001111728738182,35.0,30.0,0.16666666666666666,104.51428571428572,101.86541889483067,0.02600359227099269
PGS36098150CS,52,70123.0,65923.0,0.0637106927779379,117.0,119.0,-0.01680672268907563,599.3418803418804,553.9747899159664,0.0818937815433727
PLI0101,19,88517.0,86721.5,0.020704208298980068,460.0,488.5,-0.05834186284544524,192.4282608695652,177.54769098604532,0.08381167787019797
PMC6547891,1,1050.0,,0.0,13.0,,0.0,80.76923076923077,,0.0
PMCV3910254,3,243.0,264.5,-0.08128544423440454,23.0,24.0,-0.041666666666666664,10.565217391304348,11.114556277056277,-0.049425174704088436
PMCV3910254,53,367.0,264.5,0.387523629489603,22.0,24.0,-0.08333333333333333,16.681818181818183,11.114556277056277,0.5008982604419735
PRD20685765,8,9089.0,9188.0,-0.010774923813670005,34.0,33.5,0.014925373134328358,267.3235294117647,274.7999084249084,-0.027206628473774308
PRG74958,47,2878.0,2665.0,0.0799249530956848,163.0,140.0,0.16428571428571428,17.65644171779141,19.07756685037763,-0.07449194877585183
PRG74961,53,3617.0,3188.5,0.13438921122785008,100.0,119.0,-0.15966386554621848,36.17,26.895797962648558,0.34481973913661
PRG79466,51,133.0,248.5,-0.4647887323943662,17.0,16.0,0.0625,7.823529411764706,17.074898785425102,-0.5418110812789846
PSU29657001,10,921.0,1092.6,-0.15705656232839094,34.0,44.8,-0.24107142857142852,27.08823529411765,24.400780344135825,0.11013807395006908
PSU29657001,34,957.0,1092.6,-0.12410763316858861,36.0,44.8,-0.19642857142857137,26.583333333333332,24.400780344135825,0.08944603239797758
PSY8199,25,12.0,30.0,-0.6,9.0,11.0,-0.18181818181818182,1.3333333333333333,2.7857142857142856,-0.5213675213675214
PTX048262020,46,161.0,104.0,0.5480769230769231,11.0,9.0,0.2222222222222222,14.636363636363637,11.012987012987013,0.3290094339622642
PTX049632020,28,190.0,115.0,0.6521739130434783,13.0,9.5,0.3684210526315789,14.615384615384615,11.988636363636363,0.21910317170980678
PTX100127030,28,,,0.0,,,0.0,0.0,0.0,0.0
PTX101816070,1,111.0,,0.0,20.0,,0.0,5.55,,0.0
PTX1177101,28,25.0,,0.0,1.0,,0.0,25.0,,0.0
PTX21346724,28,,,0.0,,,0.0,0.0,0.0,0.0
PTX22105151,28,,,0.0,,,0.0,0.0,0.0,0.0
PTX24411524,28,30.0,,0.0,1.0,,0.0,30.0,0.0,0.0
PTX3260,32,33787.0,31978.5,0.05655362196475757,87.0,92.25,-0.056910569105691054,388.35632183908046,347.986125476183,0.11601093666494608
PTX3260,45,31934.0,31978.5,-0.001391559954344325,88.0,92.25,-0.04607046070460705,362.8863636363636,347.986125476183,0.04281848346623352
PTX3267,17,22566.0,39725.5,-0.4319517690148645,50.0,67.0,-0.2537313432835821,451.32,594.4683171977466,-0.2408005827333757
PTX3267,52,44795.0,39725.5,0.12761324589998868,59.0,67.0,-0.11940298507462686,759.2372881355932,594.4683171977466,0.27717031534085457
PTX326810,31,233.0,561.5,-0.585040071237756,3.0,6.0,-0.5,77.66666666666667,88.1875,-0.11930073234112917
PTX328000,13,10005.0,2472.5,3.046511627906977,20.0,10.0,1.0,500.25,255.66363636363636,0.9566724744870747
PTX328000,28,2610.0,2472.5,0.055611729019211326,10.0,10.0,0.0,261.0,255.66363636363636,0.020872595384560707
PTX3283,34,400.0,950.0,-0.5789473684210527,2.0,3.0,-0.3333333333333333,200.0,272.22222222222223,-0.2653061224489796
PTX402010,9,14200.0,12243.625,0.15978723621476482,17.0,13.5,0.25925925925925924,835.2941176470588,940.7280610014985,-0.11207696222242465
PTX402010,28,9110.0,12243.625,-0.2559393153579924,13.0,13.5,-0.037037037037037035,700.7692307692307,940.7280610014985,-0.25507778515377527
PTX402010,47,10010.0,12243.625,-0.1824316736260707,19.0,13.5,0.4074074074074074,526.8421052631579,940.7280610014985,-0.4399634420362861
PTX402010,53,25900.0,12243.625,1.115386578729747,12.0,13.5,-0.1111111111111111,2158.3333333333335,940.7280610014985,1.294322262520343
PTX402310,50,25706.0,29181.5,-0.1190994294330312,42.0,38.5,0.09090909090909091,612.047619047619,759.2880952380951,-0.1939191159638884
PTX402558,3,55269.0,46240.0,0.19526384083044981,54.0,49.5,0.09090909090909091,1023.5,931.9698353421636,0.09821150984380518
PTX402558,52,48753.0,46240.0,0.05434688581314879,52.0,49.5,0.050505050505050504,937.5576923076923,931.9698353421636,0.0059957487395256
PTX403005,47,6600.0,6110.333333333333,0.0801374720418963,17.0,14.666666666666666,0.15909090909090914,388.2352941176471,431.66089466089466,-0.1006011920013324
PTX4041LH,51,19042.0,7526.0,1.530162104703694,25.0,20.5,0.21951219512195122,761.68,370.6375598086124,1.0550534608346538
PTX40422,9,105441.0,114049.25,-0.07547835693790182,179.0,180.75,-0.009681881051175657,589.0558659217877,629.8363089441964,-0.06474768514182602
PTX40422,45,101516.0,114049.25,-0.10989331363424135,181.0,180.75,0.0013831258644536654,560.8618784530387,629.8363089441964,-0.10951167710032553
PTX4042LH,16,3410.0,2227.0,0.5312079030085317,12.0,6.5,0.8461538461538461,284.1666666666667,339.91666666666663,-0.1640107869575875
PTX4084P1,12,5657.0,7053.0,-0.19792995888274492,29.0,29.5,-0.01694915254237288,195.06896551724137,238.85863095238096,-0.18332879687261347
PTX4084P1,22,4544.0,7053.0,-0.3557351481639019,26.0,29.5,-0.11864406779661017,174.76923076923077,238.85863095238096,-0.26831519517470187
PTX4589P1,3,26034.0,17919.0,0.45287125397622635,117.0,94.5,0.23809523809523808,222.51282051282053,191.2629418799165,0.16338700181932844
PTX4589P1,51,16623.0,17919.0,-0.07232546459065796,95.0,94.5,0.005291005291005291,174.97894736842105,191.2629418799165,-0.08513930796755849
PTX4598P2,4,44005.0,37338.0,0.17855803738818363,111.0,109.75,0.011389521640091117,396.44144144144144,339.2754386368142,0.16849437446552679
PTX4599P1,48,37272.0,36783.0,0.013294184813636735,245.0,251.0,-0.02390438247011952,152.13061224489795,146.77501385160653,0.03648848842014806
PTX4599P1,50,44689.0,36783.0,0.21493624772313297,274.0,251.0,0.09163346613545817,163.0985401459854,146.77501385160653,0.11121461252854922
PTX4619P2,26,15020.0,24193.5,-0.3791720916775167,87.0,93.5,-0.06951871657754011,172.64367816091954,259.86631506535196,-0.33564425955898675
PTX4640P1H,47,1830.0,2631.25,-0.30451306413301665,14.0,15.75,-0.1111111111111111,130.71428571428572,170.71753246753246,-0.2343241855423061
PTX4640P1H,50,5725.0,2631.25,1.175771971496437,19.0,15.75,0.20634920634920634,301.3157894736842,170.71753246753246,0.76499616131102
PTX4645P2,51,11792.0,10489.5,0.1241717908384575,59.0,52.5,0.12380952380952381,199.864406779661,199.2652505446623,0.003006827499330648
PTX4651P1,8,500.0,2521.0,-0.8016660055533519,6.0,10.0,-0.4,83.33333333333333,249.3838383838384,-0.6658430880149055
PTX482320,51,62.0,113.5,-0.45374449339207046,7.0,11.0,-0.36363636363636365,8.857142857142858,10.775,-0.17799138216771626
PTX4824PL20,50,253.0,206.0,0.22815533980582525,16.0,16.0,0.0,15.8125,13.16078431372549,0.20148614421930874
PTX482520,45,288.0,217.0,0.3271889400921659,27.0,22.0,0.22727272727272727,10.666666666666666,9.962105263157895,0.07072414764722451
PTX4825PL20,51,43.0,58.0,-0.25862068965517243,7.0,9.0,-0.2222222222222222,6.142857142857143,6.5625,-0.06394557823129246
PTX482720,41,213.0,309.0,-0.3106796116504854,25.0,19.0,0.3157894736842105,8.52,16.303977272727273,-0.4774281233664402
PTX4827PL20,53,22.0,109.5,-0.7990867579908676,4.0,5.0,-0.2,5.5,17.944444444444443,-0.6934984520123839
PTX49181617,22,,,0.0,,,0.0,0.0,0.0,0.0
PTX492422,28,20.0,,0.0,1.0,,0.0,20.0,0.0,0.0
PTX49881727,28,590.0,490.0,0.20408163265306123,4.0,2.5,0.6,147.5,203.33333333333331,-0.27459016393442615
PTX8500P,33,533.0,969.5,-0.45023207839092316,15.0,17.5,-0.14285714285714285,35.53333333333333,54.49166666666667,-0.3479125248508947
PTX96004,50,24081.0,21165.5,0.1377477498759774,137.0,116.0,0.1810344827586207,175.77372262773721,181.8759213759214,-0.033551438266374335
PTX96005,17,14850.0,16465.25,-0.098100545087381,111.0,108.25,0.025404157043879907,133.78378378378378,153.7228739837533,-0.12970802381743685
PTX96005,51,16742.0,16465.25,0.01680812620518972,112.0,108.25,0.03464203233256351,149.48214285714286,153.7228739837533,-0.02758685819950662
PTX982312,6,59712.0,46235.5,0.29147516518692346,68.0,57.5,0.1826086956521739,878.1176470588235,804.8931818181818,0.09097414028931666
PTXWW122006,53,15.0,15.0,0.0,1.0,1.0,0.0,15.0,7.5,1.0
PWK523135,50,2800.0,1500.0,0.8666666666666667,2.0,1.0,1.0,1400.0,1500.0,-0.06666666666666667
PWK528235,33,3712.0,3222.0,0.15207945375543142,104.0,107.33333333333333,-0.03105590062111797,35.69230769230769,30.140726445084596,0.18418870087082653
QTX104360,45,400.0,66.33333333333333,5.030150753768845,3.0,2.3333333333333335,0.28571428571428564,133.33333333333334,20.75,5.425702811244981
QTX104360,50,600.0,66.33333333333333,8.045226130653266,2.0,2.3333333333333335,-0.1428571428571429,300.0,20.75,13.457831325301205
QTX280102,52,1745.0,2254.5,-0.22599245952539365,35.0,62.5,-0.44,49.857142857142854,35.84166666666667,0.3910386288902911
QTX30321,51,915.0,801.5,0.14160948222083594,31.0,29.0,0.06896551724137931,29.516129032258064,27.859375,0.05946845657011559
QTX46PG14,38,78.0,106.0,-0.2641509433962264,29.0,24.5,0.1836734693877551,2.689655172413793,4.325250836120401,-0.37815047627935494
QTX707205,53,20.0,26.0,-0.23076923076923078,3.0,4.0,-0.25,6.666666666666667,6.5,0.025641025641025685
QTX712083,5,1405.0,1601.0,-0.12242348532167395,7.0,8.0,-0.125,200.71428571428572,199.1904761904762,0.007650011953143649
QTX71C520,27,,,0.0,,,0.0,0.0,0.0,0.0
QTX71C6100NS,31,,,0.0,,,0.0,0.0,0.0,0.0
QTX728000,43,592.0,665.5,-0.11044327573253193,17.0,21.0,-0.19047619047619047,34.8235294117647,32.002272727272725,0.08815801016806124
QTX81025400,23,5950.0,6350.0,-0.06299212598425197,31.0,32.0,-0.03125,191.93548387096774,199.41176470588235,-0.037491673803406574
QTX881510CS,39,30.0,15.0,1.0,2.0,1.0,1.0,15.0,15.0,0.0
QTXM3000D08PR,4,229.0,255.5,-0.10371819960861056,15.0,15.5,-0.03225806451612903,15.266666666666667,16.473520658263304,-0.07326023481151037
QTXM3000D08PR,29,236.0,255.5,-0.07632093933463796,15.0,15.5,-0.03225806451612903,15.733333333333333,16.473520658263304,-0.04493194504592345
QTXM516672,48,143.0,338.0,-0.5769230769230769,5.0,5.0,0.0,28.6,73.41666666666667,-0.6104426787741203
QTXV280101,53,306.0,234.5,0.3049040511727079,7.0,7.5,-0.06666666666666667,43.714285714285715,29.416666666666664,0.48603804127883465
R-L00079,53,100923.0,82225.0,0.22740042566129523,153.0,150.5,0.016611295681063124,659.6274509803922,544.8061432238648,0.21075626474598416
R-L00180,53,34432.0,28567.5,0.20528572678743326,84.0,85.0,-0.011764705882352941,409.9047619047619,336.0882352941176,0.21963436639204573
R-L53894,53,102339.0,126638.5,-0.19188082613107388,182.0,196.0,-0.07142857142857142,562.3021978021978,646.2174801509827,-0.12985610096647165
R-L56973,51,360.0,156.0,1.3076923076923077,8.0,5.0,0.6,45.0,31.2,0.44230769230769235
R-L58293,7,7301.0,8859.75,-0.17593611557888203,121.0,121.0,0.0,60.33884297520661,73.00290427569647,-0.17347339021833783
R-L58293,22,9995.0,8859.75,0.12813566974237423,126.0,121.0,0.04132231404958678,79.32539682539682,73.00290427569647,0.08660604139560499
R-L58297,5,10160.0,12415.75,-0.18168455389324045,104.0,129.75,-0.19845857418111754,97.6923076923077,95.31835203420934,0.024905546596591922
R-L58297,45,18132.0,12415.75,0.46040311700863823,170.0,129.75,0.31021194605009633,106.65882352941176,95.31835203420934,0.11897469116054772
R-L58299,7,3984.0,6460.166666666667,-0.38329764453961457,40.0,65.83333333333333,-0.3924050632911392,99.6,99.50486659367256,0.000956067874709195
R-L58299,40,11184.0,6460.166666666667,0.7312246846056603,103.0,65.83333333333333,0.5645569620253166,108.58252427184466,99.50486659367256,0.09122827846441577
R-L58299,47,8760.0,6460.166666666667,0.35600216712675103,86.0,65.83333333333333,0.3063291139240507,101.86046511627907,99.50486659367256,0.02367319914337038
R-L58303,5,5388.0,6805.75,-0.20831649707967528,48.0,60.25,-0.2033195020746888,112.25,113.00223919449262,-0.006656852110672855
R-L58303,38,13821.0,6805.75,1.0307827939609888,94.0,60.25,0.5601659751037344,147.03191489361703,113.00223919449262,0.30114160517257177
R-L59650CS,24,1728.0,2520.0,-0.3142857142857143,6.0,5.75,0.043478260869565216,288.0,418.6,-0.3119923554706164
R-L59650CS,53,1008.0,2520.0,-0.6,3.0,5.75,-0.4782608695652174,336.0,418.6,-0.1973244147157191
R-L62669,23,7115.0,5975.0,0.1907949790794979,289.0,260.0,0.11153846153846154,24.619377162629757,22.836317135549873,0.07808001686507275
R-L62675,12,384.0,444.75,-0.13659359190556492,29.0,27.5,0.05454545454545454,13.241379310344827,16.17042644352427,-0.18113604755008988
R-L62675,49,570.0,444.75,0.28161888701517707,34.0,27.5,0.23636363636363636,16.764705882352942,16.17042644352427,0.03675100597403608
R-L62677,53,5820.0,5694.0,0.022128556375131718,184.0,184.5,-0.0027100271002710027,31.630434782608695,30.76041974578776,0.02828358793576188
R-L62679,45,9088.0,8186.5,0.11012032003908874,382.0,368.0,0.03804347826086957,23.790575916230367,22.255046081757243,0.0689969290035224
R-L62681,27,18556.0,15565.0,0.19216190170253775,640.0,548.0,0.1678832116788321,28.99375,28.450873814967842,0.019081177912593755
R-L62683,53,5038.0,5853.5,-0.13931835653882294,180.0,194.0,-0.07216494845360824,27.988888888888887,30.307798165137612,-0.07651196776531641
R-L62689,3,874.0,1034.0,-0.15473887814313347,59.0,60.25,-0.02074688796680498,14.813559322033898,17.175084412459636,-0.1374971460817144
R-L62689,45,1136.0,1034.0,0.09864603481624758,73.0,60.25,0.21161825726141079,15.561643835616438,17.175084412459636,-0.09394076547727068
R-L62699,48,5144.0,6059.5,-0.15108507302582722,188.0,205.0,-0.08292682926829269,27.361702127659573,29.560226595110315,-0.07437441185969831
R-L62715,27,4139.0,4134.5,0.001088402467045592,150.0,142.5,0.05263157894736842,27.593333333333334,29.034304511278194,-0.049629953332793755
R-L63081,45,1275.0,1589.0,-0.197608558842039,67.0,68.0,-0.014705882352941176,19.029850746268657,23.36764705882353,-0.18563256718296495
R-L64286,2,14025.0,11831.666666666666,0.18537822228482892,113.0,103.33333333333333,0.09354838709677424,124.11504424778761,114.02575839216296,0.08848251480972473
R-L64286,53,10810.0,11831.666666666666,-0.0863501901676292,95.0,103.33333333333333,-0.08064516129032254,113.78947368421052,114.02575839216296,-0.002072204660457454
R-L64628,1,34695.0,37439.0,-0.07329255589091589,369.0,406.0,-0.09113300492610837,94.02439024390245,92.1480672105672,0.020362044371996006
R-L64628,19,41361.0,37439.0,0.10475707150297818,430.0,406.0,0.059113300492610835,96.18837209302326,92.1480672105672,0.043845790853361793
R-L64803,36,21231.0,21002.5,0.01087965718366861,321.0,352.75,-0.09000708717221828,66.14018691588785,59.574261858088676,0.1102141235663114
R-L64803,47,25431.0,21002.5,0.2108558504939888,389.0,352.75,0.10276399716513111,65.37532133676092,59.574261858088676,0.09737526404424274
R-L64809,3,15357.0,18699.375,-0.17874260503359068,179.0,194.125,-0.07791371538956858,85.79329608938548,96.71790799218941,-0.11295335196545157
R-L64809,20,18629.0,18699.375,-0.003763494769210201,193.0,194.125,-0.005795235028976175,96.52331606217616,96.71790799218941,-0.0020119534639744326
R-L64809,24,24403.0,18699.375,0.3050168789063806,236.0,194.125,0.21571152607855762,103.40254237288136,96.71790799218941,0.06911475361141779
R-L64809,27,21228.0,18699.375,0.1352251077910358,226.0,194.125,0.16419832582099164,93.929203539823,96.71790799218941,-0.02883338267192058
R-L64828,53,3154.0,3334.0,-0.05398920215956809,31.0,27.0,0.14814814814814814,101.74193548387096,115.01688555347093,-0.11541740159038207
R-L64837,5,12116.0,12590.5,-0.03768714506969541,111.0,107.83333333333333,0.029366306027820758,109.15315315315316,116.06063614033043,-0.059516156527225535
R-L64837,27,11205.0,12590.5,-0.11004328660497995,107.0,107.83333333333333,-0.007727975270479091,104.7196261682243,116.06063614033043,-0.09771624858572697
R-L64837,53,16369.0,12590.5,0.30010722370040904,117.0,107.83333333333333,0.08500772797527052,139.9059829059829,116.06063614033043,0.20545593716047497
R-L64900,5,18510.0,17392.5,0.06425183268650281,304.0,282.5,0.07610619469026549,60.88815789473684,61.443613976956094,-0.00904009458863488
R-L64903,2,17442.0,12565.0,0.388141663350577,224.0,188.0,0.19148936170212766,77.86607142857143,66.83510638297872,0.1650474674549486
R-L64905,3,32275.0,31736.0,0.01698386690194101,273.0,273.0,0.0,118.22344322344323,116.4277072511006,0.015423613628925525
R-L64905,35,45837.0,31736.0,0.4443219057222082,352.0,273.0,0.2893772893772894,130.21875,116.4277072511006,0.11845155310974341
R-L64911,7,18602.0,21512.75,-0.13530348281832866,197.0,239.25,-0.17659352142110762,94.42639593908629,90.05206707147184,0.0485755520097353
R-L64911,33,26254.0,21512.75,0.22039255790170945,262.0,239.25,0.09508881922675026,100.20610687022901,90.05206707147184,0.11275743166115429
R-L64918,45,12320.0,11960.0,0.030100334448160536,158.0,148.5,0.06397306397306397,77.9746835443038,80.67028623353022,-0.03341506290709063
R-L64920,1,13857.0,14538.0,-0.04684275691291787,194.0,200.5,-0.032418952618453865,71.4278350515464,72.45006649618242,-0.014109461786206699
R-L64920,11,13370.0,14538.0,-0.0803411748521117,202.0,200.5,0.007481296758104738,66.18811881188118,72.45006649618242,-0.086431220661905
R-L64920,18,14648.0,14538.0,0.007566377768606411,197.0,200.5,-0.017456359102244388,74.35532994923858,72.45006649618242,0.026297608065778078
R-L64922,38,42372.0,37230.5,0.13809913914666738,451.0,427.5,0.05497076023391813,93.95121951219512,87.10638688330613,0.07858014634516773
R-L64925,15,10960.0,14204.0,-0.22838637003660942,177.0,215.75,-0.17960602549246812,61.92090395480226,65.41110021138377,-0.05335785891542139
R-L64925,51,16489.0,14204.0,0.16087017741481272,274.0,215.75,0.26998841251448435,60.17883211678832,65.41110021138377,-0.07999052267408359
R-L64929,22,19450.0,21088.5,-0.07769637480143206,273.0,314.0,-0.1305732484076433,71.24542124542124,67.05823185291274,0.06244109450563489
R-L64929,35,24883.0,21088.5,0.17993219053038387,368.0,314.0,0.17197452229299362,67.61684782608695,67.05823185291274,0.008330311696847236
R-L64931,1,17752.0,35808.5,-0.5042517837943505,178.0,292.0,-0.3904109589041096,99.73033707865169,122.26796683227042,-0.18432979902688895
R-L64931,40,39986.0,35808.5,0.11666224499769608,319.0,292.0,0.09246575342465753,125.34796238244515,122.26796683227042,0.02519053542781101
R-L64937,16,14534.0,21824.75,-0.3340588093792598,176.0,232.75,-0.24382384532760473,82.57954545454545,93.71664036152524,-0.11883796585128169
R-L64937,44,21481.0,21824.75,-0.01575046678656113,251.0,232.75,0.07841031149301826,85.58167330677291,93.71664036152524,-0.08680386987167416
R-L66680,11,11043.0,12924.5,-0.14557623118882743,100.0,119.0,-0.15966386554621848,110.43,109.40977629088943,0.009324794764209162
R-L66680,45,16649.0,12924.5,0.2881736237378622,146.0,119.0,0.226890756302521,114.03424657534246,109.40977629088943,0.042267432045175655
R-L66693,45,12460.0,8803.0,0.41542655912757015,153.0,114.0,0.34210526315789475,81.43790849673202,76.16760037348273,0.06919356914759937
R-L66694,51,13012.0,10394.0,0.2518760823552049,135.0,122.5,0.10204081632653061,96.38518518518518,85.43609022556392,0.12815538410891736
R-L66695,33,3180.0,4742.5,-0.3294675803900896,58.0,58.5,-0.008547008547008548,54.827586206896555,80.43650793650794,-0.3183743599339945
R-L66899,31,9060.0,8111.5,0.11693274979966714,149.0,137.5,0.08363636363636363,60.80536912751678,59.12497342687075,0.028421081706268097
R-L67132,50,8680.0,6705.5,0.2944597718290955,58.0,52.0,0.11538461538461539,149.6551724137931,128.92952275249723,0.16075177522437886
R-L67165,31,8352.0,6783.0,0.23131357806280406,129.0,122.5,0.053061224489795916,64.74418604651163,55.78448275862069,0.16061282358141693
R-L67378,31,4201.0,6125.0,-0.31412244897959185,12.0,17.5,-0.3142857142857143,350.0833333333333,349.55065359477123,0.0015238985625803127
R-L67391,33,4064.0,1972.5,1.0603295310519645,54.0,29.5,0.8305084745762712,75.25925925925925,67.04385964912281,0.12253768880747803
R-L67522,31,7664.0,13116.0,-0.4156755108264715,15.0,14.5,0.034482758620689655,510.93333333333334,907.4547619047619,-0.4369599953821652
R-L67523,35,7114.0,5906.0,0.2045377582119878,11.0,15.0,-0.26666666666666666,646.7272727272727,389.2941176470588,0.6612819033489933
R-L67527,41,1084.0,1011.0,0.0722057368941642,5.0,5.5,-0.09090909090909091,216.8,191.14285714285714,0.1342301943198805
R-L68048,35,2412.0,2012.5,0.19850931677018632,101.0,94.0,0.07446808510638298,23.88118811881188,21.476303854875283,0.11197849872992326
R-L68136,6,118571.0,117462.5,0.009437054379057145,273.0,276.0,-0.010869565217391304,434.3260073260073,425.5981864978792,0.020507185192556183
R-L68230,19,32064.0,30374.5,0.05562231477061351,302.0,261.5,0.15487571701720843,106.17218543046357,116.25878874806077,-0.08675992091621927
R-L68234,10,24912.0,28722.5,-0.13266602837496735,238.0,228.0,0.043859649122807015,104.67226890756302,126.05681031165832,-0.16964209510953776
R-L68625,48,847.0,987.5,-0.14227848101265822,13.0,11.0,0.18181818181818182,65.15384615384616,88.4,-0.26296554124608423
RAJRMEG4,47,,,0.0,,,0.0,0.0,0.0,0.0
RAJRMLCSMSMW,39,50.0,,0.0,1.0,,0.0,50.0,,0.0
REG47SWHMDCS,41,,,0.0,,,0.0,0.0,0.0,0.0
RNBQCHGB1,32,,7.0,,,1.0,,0.0,7.0,-1.0
RTI15221,49,33067.0,32223.0,0.026192471216212022,58.0,45.0,0.28888888888888886,570.1206896551724,711.610119047619,-0.19882998513541164
SAD2204,13,48.0,48.0,0.0,1.0,1.0,0.0,48.0,24.0,1.0
SAD3302,39,560.0,404.5,0.38442521631644005,5.0,5.0,0.0,112.0,80.9,0.38442521631643994
SBIL9V12PPJCS,45,5148.0,3674.4,0.4010450685826257,16.0,9.2,0.7391304347826089,321.75,379.69142857142856,-0.15260136050326578
SBIL9V12PPJCS,52,2316.0,3674.4,-0.3696930111038537,4.0,9.2,-0.5652173913043478,579.0,379.69142857142856,0.5249224934533305
SCS210136,51,1.0,1.0,0.0,1.0,1.5,-0.3333333333333333,1.0,0.75,0.3333333333333333
SCS4183132,43,,,0.0,,,0.0,0.0,0.0,0.0
SCS72004407,50,,,0.0,,,0.0,0.0,0.0,0.0
SCS7229513,10,4.0,31.166666666666668,-0.8716577540106952,1.0,9.166666666666666,-0.8909090909090909,4.0,3.274592074592075,0.2215261958997721
SCS7229513,27,21.0,31.166666666666668,-0.32620320855614976,7.0,9.166666666666666,-0.2363636363636363,3.0,3.274592074592075,-0.08385535307517093
SCS7229513,44,22.0,31.166666666666668,-0.29411764705882354,10.0,9.166666666666666,0.09090909090909098,2.2,3.274592074592075,-0.3281605922551253
SCS7627101,50,78.0,99.75,-0.21804511278195488,4.0,4.0,0.0,19.5,25.020833333333336,-0.22064945878434644
SCSOG3L2,19,1042.0,999.5,0.04252126063031516,408.0,404.5,0.00865265760197775,2.553921568627451,2.4707519955017174,0.033661643611804404
SDJ02F,44,28.0,35.0,-0.2,4.0,3.5,0.14285714285714285,7.0,10.479166666666666,-0.33200795228628227
SDJ02F,48,38.0,35.0,0.08571428571428572,2.0,3.5,-0.42857142857142855,19.0,10.479166666666666,0.8131212723658052
SDQ21836SXCS,13,168.0,342.0,-0.5087719298245614,9.0,9.0,0.0,18.666666666666668,34.59090909090909,-0.46035917652212005
SDQ21836SXCS,41,168.0,342.0,-0.5087719298245614,6.0,9.0,-0.3333333333333333,28.0,34.59090909090909,-0.19053876478318008
SDQSDP10SKRT,36,,133.33333333333334,,,1.0,,0.0,133.33333333333334,-1.0
SGE7287,52,927.0,1274.5,-0.27265594350725775,31.0,33.0,-0.06060606060606061,29.903225806451612,38.55238970588235,-0.2243483209579364
SGE7300,53,1692.0,1470.0,0.1510204081632653,51.0,46.0,0.10869565217391304,33.1764705882353,31.918238993710695,0.039420457838307735
SGE7355,44,2384.0,2695.5,-0.11556297532925246,57.0,66.0,-0.13636363636363635,41.824561403508774,40.78170955882353,0.025571557837246517
SGE7909,41,13739.0,15091.5,-0.08961998475963291,244.0,240.5,0.014553014553014554,56.307377049180324,62.668766440537176,-0.10150813160480528
SGE8506SA,3,5147.0,4273.5,0.2043992043992044,130.0,108.0,0.2037037037037037,39.59230769230769,39.71939829366861,-0.003199711144193688
SJUPDF119,44,,2.0,,,1.0,,0.0,1.0,-1.0
SKA962666,8,13.0,25.0,-0.48,2.0,1.0,1.0,6.5,12.5,-0.48
SKA964155,17,100.0,100.0,0.0,2.0,1.5,0.3333333333333333,50.0,75.0,-0.3333333333333333
SKA98209,36,15.0,2.0,6.5,1.0,1.0,0.0,15.0,1.0,14.0
SKE250070520,15,2994.0,2972.5,0.007232968881412952,144.0,141.0,0.02127659574468085,20.791666666666668,21.11158733360226,-0.015153795016937888
SKE5921018145,36,,,0.0,,,0.0,0.0,0.0,0.0
SKR210110000,46,1460.0,1280.0,0.140625,78.0,69.0,0.13043478260869565,18.71794871794872,18.55539205381543,0.008760615979540129
SKRPB1,20,31.0,15.5,1.0,5.0,4.0,0.25,6.2,3.875,0.6000000000000001
SLEUN401,53,4378.0,5714.5,-0.23387872954764197,26.0,33.0,-0.21212121212121213,168.3846153846154,169.25675675675677,-0.005152771380316368
SLK11530BSVSB,53,8.0,27.0,-0.7037037037037037,1.0,1.0,0.0,8.0,27.0,-0.7037037037037037
SLP05302,51,126828.0,143526.0,-0.11634129007984616,15.0,14.0,0.07142857142857142,8455.2,10283.723076923077,-0.17780749863114523
SLT470725,27,15622.0,18913.0,-0.17400729656849787,208.0,220.0,-0.05454545454545454,75.10576923076923,85.76322282349525,-0.12426601102269173
SMI8105362,32,25.0,8.333333333333334,1.9999999999999996,8.0,3.0,1.6666666666666667,3.125,3.2222222222222228,-0.030172413793103613
SMKM0425U,52,60.0,46.5,0.2903225806451613,2.0,4.0,-0.5,30.0,11.625,1.5806451612903225
SMN240072,36,46.0,10.5,3.380952380952381,3.0,2.5,0.2,15.333333333333334,3.75,3.088888888888889
SMPB7211,14,16000.0,7000.0,1.2857142857142858,2.0,1.5,0.3333333333333333,8000.0,4000.0,1.0
SMPM4752,14,3000.0,2000.0,0.5,1.0,1.0,0.0,3000.0,1000.0,2.0
SMPM4776,14,,,0.0,,,0.0,0.0,,0.0
SMPM4852SL,14,0.0,3750.0,-1.0,1.0,1.0,0.0,0.0,1875.0,-1.0
SMPM4853SL,14,,,0.0,,,0.0,0.0,0.0,0.0
SMPM4854SL,14,,,0.0,,,0.0,0.0,0.0,0.0
SMPM4855SL,14,,,0.0,,,0.0,0.0,0.0,0.0
SMPM5092SL,14,1500.0,2250.0,-0.3333333333333333,1.0,2.5,-0.6,1500.0,1125.0,0.3333333333333333
SMPM5173SL,14,,750.0,,,1.0,,0.0,375.0,-1.0
SMPM90612AS,14,,,0.0,,,0.0,0.0,0.0,0.0
SMPT3115,14,4000.0,,0.0,1.0,,0.0,4000.0,0.0,0.0
SMY605122IC,43,,10.0,,,1.0,,0.0,5.0,-1.0
SPA66,27,2160.0,2160.0,0.0,9.0,9.0,0.0,240.0,247.5,-0.030303030303030304
SQS2845P,9,3660.0,1732.75,1.1122493146732073,12.0,13.25,-0.09433962264150944,305.0,145.50462037962038,1.0961533675305806
SQS2845P,51,3116.0,1732.75,0.7982975039676814,25.0,13.25,0.8867924528301887,124.64,145.50462037962038,-0.1433948992491424
SQS2847P,8,720.0,390.0,0.8461538461538461,5.0,5.5,-0.09090909090909091,144.0,70.0,1.0571428571428572
SQS43585,25,,,0.0,,,0.0,0.0,0.0,0.0
SQU423527,42,400.0,245.0,0.6326530612244898,3.0,3.0,0.0,133.33333333333334,81.66666666666666,0.63265306122449
STU057508,31,2093.0,9370.5,-0.7766394536043968,159.0,125.0,0.272,13.163522012578616,74.69742571721312,-0.8237754261785056
STY001061810,27,242.0,417.75,-0.42070616397366845,29.0,39.0,-0.2564102564102564,8.344827586206897,10.710213032581454,-0.22085325839727338
STY001061810,44,462.0,417.75,0.1059245960502693,47.0,39.0,0.20512820512820512,9.829787234042554,10.710213032581454,-0.08220432178711697
STY1131000041,35,,,0.0,,,0.0,0.0,0.0,0.0
STYPADPAK01,20,3.0,1.0,2.0,2.0,1.0,1.0,1.5,1.0,0.5
SUHRES7100,53,115.0,148.0,-0.22297297297297297,5.0,7.5,-0.3333333333333333,23.0,18.583333333333332,0.23766816143497765
SWD160408,34,129.0,200.25,-0.35580524344569286,17.0,29.25,-0.4188034188034188,7.588235294117647,6.984754440961337,0.08639972360621029
SWD160408,47,234.0,200.25,0.16853932584269662,31.0,29.25,0.05982905982905983,7.548387096774194,6.984754440961337,0.0806946988010765
SWD250040,38,26400.0,25200.0,0.047619047619047616,23.0,27.0,-0.14814814814814814,1147.8260869565217,934.065934065934,0.22884910485933513
SWD265108,50,110.0,160.0,-0.3125,2.0,2.0,0.0,55.0,86.66666666666666,-0.3653846153846153
SWD265322,22,375.0,62.0,5.048387096774194,6.0,3.5,0.7142857142857143,62.5,16.333333333333332,2.8265306122448983
SWD266262,17,392.0,121.0,2.239669421487603,9.0,5.0,0.8,43.55555555555556,26.0,0.6752136752136753
SWD280214,13,321.0,421.0,-0.2375296912114014,11.0,13.0,-0.15384615384615385,29.181818181818183,32.535714285714285,-0.1030835245983434
SWD280610,27,9300.0,12150.0,-0.2345679012345679,7.0,14.0,-0.5,1328.5714285714287,863.8461538461538,0.5379722681592675
SWD424600,3,259.0,379.25,-0.3170731707317073,7.0,8.0,-0.125,37.0,49.63555194805195,-0.25456656473320144
SWD424600,24,96.0,379.25,-0.7468688200395518,5.0,8.0,-0.375,19.2,49.63555194805195,-0.613180487645337
SWD431302,22,1759.0,4451.5,-0.6048522969785466,42.0,61.0,-0.3114754098360656,41.88095238095238,72.96559139784947,-0.4260177766175586
SWD431605,25,6069.0,7903.0,-0.2320637732506643,60.0,68.0,-0.11764705882352941,101.15,120.11421098517873,-0.15788482336631074
SWD437100,5,372.0,326.75,0.1384850803366488,7.0,9.25,-0.24324324324324326,53.142857142857146,35.35416666666667,0.503156831383113
SWD437100,23,302.0,326.75,-0.0757459831675593,12.0,9.25,0.2972972972972973,25.166666666666668,35.35416666666667,-0.28815556865055986
SWD504001,53,762.0,1213.0,-0.37180544105523494,19.0,25.0,-0.24,40.10526315789474,48.27093596059113,-0.16916334104983852
SWD513231,37,1000.0,1300.0,-0.23076923076923078,3.0,3.0,0.0,333.3333333333333,216.66666666666666,0.5384615384615384
SWD577775,38,249.0,130.0,0.9153846153846154,22.0,16.0,0.375,11.318181818181818,8.16078431372549,0.3868987811803767
SWD7138C,50,86.0,69.5,0.23741007194244604,8.0,9.0,-0.1111111111111111,10.75,7.725,0.3915857605177994
SWD7140C,29,317.0,339.5,-0.0662739322533137,9.0,10.0,-0.1,35.22222222222222,36.13736263736264,-0.02532394033078251
SWD81892950,38,92931.0,58585.0,0.5862592813860203,108.0,104.5,0.03349282296650718,860.4722222222222,560.6710550458715,0.5347184672335588
SWD833215,52,87789.0,94734.5,-0.07331542363130644,120.0,129.0,-0.06976744186046512,731.575,734.951141826923,-0.004593695600677176
SWD8415661,37,13.0,,0.0,2.0,,0.0,6.5,0.0,0.0
SWD850558,43,142735.0,155894.5,-0.08441285613026758,348.0,362.0,-0.03867403314917127,410.1580459770115,430.69292140747694,-0.04767869265963037
SWD850815,45,178968.0,189246.0,-0.054310262832503724,294.0,297.5,-0.011764705882352941,608.734693877551,635.6328587970847,-0.0423171403857845
SWD87435,52,130.0,140.0,-0.07142857142857142,2.0,1.0,1.0,65.0,70.0,-0.07142857142857142
SWD87485,52,329.0,91.5,2.5956284153005464,10.0,6.5,0.5384615384615384,32.9,13.964285714285715,1.3560102301790278
SWDNONB8STF,34,156.0,219.0,-0.2876712328767123,18.0,19.5,-0.07692307692307693,8.666666666666666,11.27807486631016,-0.23154733681049472
SWDOXYSOFTN,47,5897.0,5551.5,0.06223543186526164,43.0,39.5,0.08860759493670886,137.13953488372093,141.9662162162162,-0.03399880239918614
SWTDR8600,25,15.0,32.5,-0.5384615384615384,3.0,1.5,1.0,5.0,26.375,-0.8104265402843602
SWTDR8600,53,64.0,32.5,0.9692307692307692,2.0,1.5,0.3333333333333333,32.0,26.375,0.2132701421800948
SZM00312,46,23043.0,21682.0,0.06277096208836823,745.0,769.0,-0.031209362808842653,30.93020134228188,28.196419387147422,0.09695493309269539
TAH50786115,33,,20.0,,,1.0,,0.0,10.0,-1.0
TDO141402043,3,138.0,73.5,0.8775510204081632,10.0,7.0,0.42857142857142855,13.8,10.604464285714286,0.3013387218994696
TDO141402043,13,81.0,73.5,0.10204081632653061,7.0,7.0,0.0,11.571428571428571,10.604464285714286,0.09118464258651168
TDO141403054,23,1050.0,2258.0,-0.5349867139061116,8.0,9.0,-0.1111111111111111,131.25,255.3375,-0.4859744455867235
THB1543A,31,0.0,0.0,0.0,1.0,1.0,0.0,0.0,0.0,0.0
TIRLPT150DCF,53,3497.0,5133.0,-0.318721994934736,17.0,21.5,-0.20930232558139536,205.7058823529412,241.97511312217196,-0.14988826867876545
TIRT145DXYL,44,200.0,300.0,-0.3333333333333333,1.0,1.0,0.0,200.0,150.0,0.3333333333333333
TIRT165DXYL,47,700.0,150.0,3.6666666666666665,2.0,1.5,0.3333333333333333,350.0,75.0,3.6666666666666665
TMOG303L2238,40,600.0,400.0,0.5,2.0,1.0,1.0,300.0,400.0,-0.25
TMOSG32238,22,12200.0,7000.0,0.7428571428571429,23.0,22.5,0.022222222222222223,530.4347826086956,305.0,0.7391304347826086
TMOSG32525,51,43500.0,43150.0,0.008111239860950173,74.0,95.5,-0.225130890052356,587.8378378378378,450.6148440931049,0.3045239089291524
TMOSV27ELF,40,500.0,,0.0,1.0,,0.0,500.0,0.0,0.0
TRNT111072,40,5.0,4.0,0.25,1.0,2.0,-0.5,5.0,1.0,4.0
TRNT667447,40,6.0,,0.0,1.0,,0.0,6.0,0.0,0.0
TUNGAS0800620,40,,,0.0,,,0.0,0.0,0.0,0.0
TUNL1980058BX,41,50.0,0.0,0.0,1.0,1.0,0.0,50.0,0.0,0.0
TUNRUN8230058,40,,,0.0,,,0.0,0.0,0.0,0.0
TUNTSC1,53,24.0,,0.0,1.0,,0.0,24.0,0.0,0.0
USR10532104,40,,,0.0,,,0.0,0.0,0.0,0.0
USR10624692,40,,3.0,,,1.0,,0.0,1.5,-1.0
USR10836829,40,,,0.0,,,0.0,0.0,0.0,0.0
USU176630,46,1381.0,1368.0,0.009502923976608187,151.0,148.0,0.02027027027027027,9.14569536423841,9.14910707112258,-0.0003729005309096217
USU8886286234,43,48.0,48.0,0.0,4.0,2.5,0.6,12.0,16.5,-0.2727272727272727
USU8886286234,48,36.0,48.0,-0.25,1.0,2.5,-0.6,36.0,16.5,1.1818181818181819
USUCL354MG,27,168.0,48.0,2.5,4.0,1.5,1.6666666666666667,42.0,27.0,0.5555555555555556
USUCL60M,52,12.0,30.0,-0.6,1.0,1.0,0.0,12.0,30.0,-0.6
USUSC3625G,51,84.0,24.0,2.5,1.0,1.5,-0.3333333333333333,84.0,18.0,3.6666666666666665
USUSL5687G,17,168.0,198.0,-0.15151515151515152,5.0,7.166666666666667,-0.3023255813953489,33.6,27.13015873015873,0.238474139948514
USUSL5687G,43,48.0,198.0,-0.7575757575757576,4.0,7.166666666666667,-0.4418604651162791,12.0,27.13015873015873,-0.557687807161245
USUSL5687G,51,204.0,198.0,0.030303030303030304,12.0,7.166666666666667,0.6744186046511628,17.0,27.13015873015873,-0.3733910601450971
USUSM5624,51,12.0,48.0,-0.75,1.0,2.5,-0.6,12.0,21.0,-0.42857142857142855
USUSM5687,46,156.0,240.0,-0.35,6.0,10.5,-0.42857142857142855,26.0,22.745454545454542,0.14308553157474035
USUSN3965,22,60.0,12.0,4.0,3.0,1.0,2.0,20.0,6.0,2.3333333333333335
USUSP1635,17,72.0,36.0,1.0,1.0,1.0,0.0,72.0,18.0,3.0
USUSP5687,47,216.0,288.0,-0.25,2.0,3.75,-0.4666666666666667,108.0,69.75,0.5483870967741935
USUSP5687,52,324.0,288.0,0.125,1.0,3.75,-0.7333333333333333,324.0,69.75,3.6451612903225805
USUTA30V3L,46,121.0,129.0,-0.06201550387596899,13.0,10.75,0.20930232558139536,9.307692307692308,12.31875,-0.24442883346992927
USUTA30V3L,51,228.0,129.0,0.7674418604651163,14.0,10.75,0.3023255813953488,16.285714285714285,12.31875,0.32202652750597954
USUTA30V3S,53,36.0,55.5,-0.35135135135135137,8.0,11.5,-0.30434782608695654,4.5,4.787878787878788,-0.06012658227848105
USUVLOCA006L,42,24.0,8.0,2.0,1.0,1.3333333333333333,-0.24999999999999994,24.0,4.5,4.333333333333333
USUVLOCA006L,52,,8.0,,,1.3333333333333333,,0.0,4.5,-1.0
USUVLOCA008L,23,108.0,60.0,0.8,12.0,8.5,0.4117647058823529,9.0,7.041666666666666,0.27810650887573973
USUVLOCA008L,35,42.0,60.0,-0.3,7.0,8.5,-0.17647058823529413,6.0,7.041666666666666,-0.14792899408284016
USUVLOCA208L,9,48.0,52.666666666666664,-0.08860759493670882,7.0,5.0,0.4,6.857142857142857,10.533333333333333,-0.3490054249547921
USUVLOCL0034,43,24.0,81.0,-0.7037037037037037,1.0,1.75,-0.42857142857142855,24.0,58.0,-0.5862068965517241
USUVLOCL0034,52,,81.0,,,1.75,,0.0,58.0,-1.0
USUVLOCL0115,43,1260.0,168.0,6.5,4.0,4.5,-0.1111111111111111,315.0,38.114285714285714,7.264617691154423
USUVLOCL0115,48,276.0,168.0,0.6428571428571429,6.0,4.5,0.3333333333333333,46.0,38.114285714285714,0.20689655172413796
USUVLOCL0134,43,48.0,60.0,-0.2,3.0,2.5,0.2,16.0,24.75,-0.35353535353535354
USUVLOCL0134,48,48.0,60.0,-0.2,2.0,2.5,-0.2,24.0,24.75,-0.030303030303030304
UTD59449200,2,2236.0,1892.0,0.18181818181818182,97.0,78.0,0.24358974358974358,23.051546391752577,24.256410256410255,-0.04967197750702902
UTMABC5412,6,1035.0,669.25,0.5465072842734404,15.0,10.5,0.42857142857142855,69.0,64.73333333333333,0.06591143151390318
UTMABC5412,40,742.0,669.25,0.10870377288008966,10.0,10.5,-0.047619047619047616,74.2,64.73333333333333,0.14624098867147273
VALE1565,4,10.0,15.0,-0.3333333333333333,1.0,1.5,-0.3333333333333333,10.0,10.0,0.0
VCRPP10561Z,50,0.0,700.0,-1.0,1.0,1.5,-0.3333333333333333,0.0,450.0,-1.0
VCRPP10835,45,250.0,,0.0,1.0,,0.0,250.0,0.0,0.0
VCRVC1500DP,46,1152.0,1776.0,-0.35135135135135137,8.0,9.0,-0.1111111111111111,144.0,197.33333333333331,-0.2702702702702702
VMRSU1703,40,,7.0,,,1.0,,0.0,3.5,-1.0
VTN31800,49,,50.0,,,1.0,,0.0,25.0,-1.0
VTN52135,7,500.0,750.0,-0.3333333333333333,1.0,1.5,-0.3333333333333333,500.0,500.0,0.0
W-A01690200,14,177.0,182.66666666666666,-0.031021897810218926,63.0,54.833333333333336,0.1489361702127659,2.8095238095238093,3.306518204766183,-0.1503074728353169
W-A01690200,27,119.0,182.66666666666666,-0.34854014598540145,32.0,54.833333333333336,-0.4164133738601824,3.71875,3.306518204766183,0.12467247107232163
W-A01690200,51,316.0,182.66666666666666,0.7299270072992702,65.0,54.833333333333336,0.1854103343465045,4.861538461538461,3.306518204766183,0.47028933774832776
W-A01692200,11,133.0,240.5,-0.446985446985447,37.0,48.5,-0.23711340206185566,3.5945945945945947,4.926170212765958,-0.27030645728006764
W-A02893000,4,445.0,477.0,-0.06708595387840671,84.0,80.0,0.05,5.2976190476190474,5.986875110404522,-0.11512785051881651
W-A05031750,4,9447525.0,10983600.0,-0.139851687971157,1215.0,1326.0,-0.083710407239819,7775.740740740741,8360.382334771093,-0.06993000686090749
W-A05031750,53,9397775.0,10983600.0,-0.14438116828726466,1315.0,1326.0,-0.008295625942684766,7146.596958174905,8360.382334771093,-0.1451829985750791
W-A2000A,51,8.0,5.5,0.45454545454545453,5.0,4.0,0.25,1.6,1.3,0.23076923076923078
W-A508601,6,,1.0,,,1.0,,0.0,0.5,-1.0
W-A52133,19,34525.0,26350.0,0.31024667931688804,31.0,22.0,0.4090909090909091,1113.7096774193549,1152.5,-0.03365754670771811
W-A59000LED,33,6572.0,7692.0,-0.1456058242329693,95.0,93.5,0.016042780748663103,69.17894736842105,82.08327609890111,-0.15721020582721135
W-A59001LED,39,11631.0,11078.5,0.04987137247822358,186.0,156.5,0.18849840255591055,62.53225806451613,70.86509395424837,-0.1175873116757885
W-ADS4411CB,2,4.0,,0.0,2.0,,0.0,2.0,0.0,0.0
W-ADS58PD,32,1.0,1.0,0.0,1.0,1.0,0.0,1.0,1.0,0.0
W-AREUS132MQ,1,3.0,,0.0,2.0,,0.0,1.5,,0.0
W-ASOFT11L,32,56451.0,70027.0,-0.19386807945506734,186.0,196.0,-0.05102040816326531,303.5,357.6297019393466,-0.15135684101687646
WIO1067294,28,87.0,65.66666666666667,0.3248730964467004,21.0,15.0,0.4,4.142857142857143,4.128787878787879,0.0034076015727392533
WSDL150RSD8,45,5.0,3.5,0.42857142857142855,3.0,2.0,0.5,1.6666666666666667,1.1666666666666667,0.42857142857142855
WSDL250SD2,28,,2.5,,,2.5,,0.0,0.9166666666666666,-1.0
WWS0360H,34,7.0,10.5,-0.3333333333333333,3.0,1.5,1.0,2.3333333333333335,6.5,-0.641025641025641
ZIM018606000,51,25.0,32.5,-0.23076923076923078,1.0,1.0,0.0,25.0,32.5,-0.23076923076923078
ZIM504905300,21,,,0.0,,,0.0,0.0,0.0,0.0
ZMU7500001,40,20.0,20.0,0.0,2.0,2.0,0.0,10.0,5.0,1.0
ZMUCFW1S002,40,,,0.0,,,0.0,0.0,0.0,0.0
ZMUCFW2S001,40,,,0.0,,,0.0,0.0,0.0,0.0
ZMUCFW4S003,40,0.0,0.0,0.0,1.0,1.0,0.0,0.0,0.0,0.0
ZMUCR4493,35,24.0,60.0,-0.6,1.0,1.0,0.0,24.0,30.0,-0.2
ZOL0102011010,33,4.0,5.333333333333333,-0.24999999999999994,5.0,6.833333333333333,-0.26829268292682923,0.8,0.7625661375661376,0.04908933217692982
ZOL0102011010,37,3.0,5.333333333333333,-0.43749999999999994,8.0,6.833333333333333,0.1707317073170732,0.375,0.7625661375661376,-0.5082393755420642
ZOL0102011010,44,3.0,5.333333333333333,-0.43749999999999994,4.0,6.833333333333333,-0.4146341463414634,0.75,0.7625661375661376,-0.01647875108412835
ZOL80000855,42,5.0,2.0,1.5,7.0,3.0,1.3333333333333333,0.7142857142857143,0.6666666666666666,0.07142857142857151
ZOL8900021840,7,30.0,45.25,-0.3370165745856354,6.0,7.0,-0.14285714285714285,5.0,7.032738095238095,-0.28903935674989417
ZOL8900021840,15,35.0,45.25,-0.2265193370165746,4.0,7.0,-0.42857142857142855,8.75,7.032738095238095,0.2441811256876852
ZOL8900022201,40,3.0,,0.0,3.0,,0.0,1.0,0.0,0.0
ZOL8900080001,4,145.0,137.3,0.056081573197377915,83.0,77.7,0.06821106821106818,1.7469879518072289,1.7629989055963258,-0.009081658382358023
ZOL8900080001,7,158.0,137.3,0.1507647487254187,89.0,77.7,0.14543114543114538,1.7752808988764044,1.7629989055963258,0.006966534829427075
ZOL8900080001,17,202.0,137.3,0.4712308812818644,64.0,77.7,-0.17631917631917635,3.15625,1.7629989055963258,0.7902733745217011
ZOL8900080001,32,222.0,137.3,0.6168973051711579,106.0,77.7,0.3642213642213642,2.0943396226415096,1.7629989055963258,0.18794153302841074
ZOL8900080001,36,136.0,137.3,-0.00946831755280416,72.0,77.7,-0.07335907335907339,1.8888888888888888,1.7629989055963258,0.07140672798658454
ZOL89000801,12,50.0,46.5,0.07526881720430108,22.0,25.5,-0.13725490196078433,2.272727272727273,1.859375,0.22230710466004594
ZOL89000802,17,139.0,111.5,0.24663677130044842,17.0,17.5,-0.02857142857142857,8.176470588235293,6.129934210526316,0.33385943591281414
ZOL89004003,5,453.0,586.8,-0.22801635991820035,29.0,20.0,0.45,15.620689655172415,30.524497724497724,-0.4882572746598912
ZOL89004003,17,546.0,586.8,-0.06952965235173816,19.0,20.0,-0.05,28.736842105263158,30.524497724497724,-0.05856462030495155
ZOL89004005,3,2217.0,2114.8333333333335,0.048309559460950356,54.0,52.833333333333336,0.022082018927444748,41.05555555555556,39.82750502854504,0.030834231924152723
ZOL89004005,17,2959.0,2114.8333333333335,0.3991646307825675,63.0,52.833333333333336,0.19242902208201887,46.96825396825397,39.82750502854504,0.1792918972602234
